5jcg,A,H
4l0u,I,I
7lj1,A,b
5hqp,A,C
4lq8,A,B
4n7y,A,B
1ib1,A,E
6gn0,A,E
6nyb,C,A
5ltw,B,C
3axy,C,A
6u2h,A,C
5n6n,A,C
4lcj,A,B
7cvp,A,B
1psd,A,A
5dt9,A,A
1ygy,A,A
3q2o,A,A
3qff,A,A
4n72,A,B
7b9k,A,A
2xt6,A,A
1vr0,B,C
6z92,A,B
2gsc,A,B
1m2a,A,B
5lc5,E,F
5xf9,A,B
6tg9,C,E
5ldw,E,F
6i0d,2,7
5lnk,2,a
6gcs,H,Y
5ldx,E,F
5a1s,A,B
1ips,A,B
4xae,A,A
4nj4,A,B
3tht,A,A
5a3u,A,B
6tp5,A,A
4iw3,A,B
5l9b,A,C
3dkq,C,B
4nhk,A,A
2rg4,A,B
6lnh,A,B
2d4g,A,B
5yhi,A,B
5yhh,A,A
5kef,A,B
5v26,A,B
4pvc,A,B
4wjt,A,B
6qk4,B,B
1j5y,A,A
4kue,A,B
4kug,A,A
3mog,A,A
6ysv,B,B
5zqz,A,D
4qhz,A,B
4kzx,E,E
4ul1,i,n
4kzy,E,E
6zoj,E,E
6zvh,A,R
3iz6,A,A
1wvk,A,A
2iw3,A,A
4m20,A,B
5byu,D,A
4qfw,A,B
5xua,A,B
4rc1,A,B
2y8n,B,A
4qjk,A,A
6rcx,A,B
4qvh,B,B
1sbq,A,B
4rg2,A,B
6co2,C,B
5j26,A,B
5hml,A,B
5hmm,A,A
6vde,A,A
1tfr,A,A
4ohf,A,B
5h7w,A,B
4q7f,A,A
4uwq,A,B
5mg3,C,D
6al2,A,A
1k6m,A,B
4ma4,A,A
5uq9,A,B
6fqx,A,A
1bbx,C,D
4cj0,B,A
6qba,B,A
4cj2,C,B
5ufe,B,A
5zau,B,A
2xbz,A,B
4u15,A,B
7f4d,R,M
4zwj,A,A
5dgy,A,A
4yay,A,A
5glh,A,B
5g53,A,C
6tpk,A,A
6meo,B,G
4rws,A,C
7f9y,R,C
4lde,A,A
7mt8,R,G
4pxf,A,A
2ks9,A,B
4ldl,A,B
6k42,R,B
4z9g,A,A
6e3y,R,P
6p9x,R,P
5vai,R,P
5nx2,A,A
6nbf,R,P
6uun,R,E
6ln2,A,A
7f16,R,P
4oo9,A,A
6n52,A,A
6c70,A,B
1avf,P,A
4lnv,A,A
4xam,C,D
4u4j,A,A
4u59,A,A
5m6w,B,Q
4ziq,A,A
5fo7,B,A
5fo9,B,C
4u48,A,A
6rur,A,N
6h04,A,C
5fo8,A,A
5foa,A,A
3km9,A,X
6rqj,B,E
5hcc,A,A
6ru5,B,B
5hcd,A,A
3hs0,C,I
4qi8,A,B
4ww0,B,C
4xgc,D,E
5d4w,A,A
5udb,A,9
3pvs,A,A
5uj7,A,A
4l15,A,A
3syk,A,A
5kne,B,C
6p8v,A,H
6sh3,A,A
3j96,E,E
5c18,A,A
5v8f,A,9
5vy8,F,A
5og1,F,A
6vvo,A,E
3u5z,B,F
3u60,B,G
7l9p,A,I
4ypl,B,B
6chs,F,A
5zr1,A,B
5ujm,A,D
6f0x,D,P
1sxj,A,G
6az0,E,D
3u61,B,A
6epc,I,D
6epf,I,C
5a5b,K,K
1iqp,A,F
4cr2,J,R
6z1f,1,A
5n7r,A,A
4l16,A,A
6oa9,B,G
5ean,A,A
4pj3,A,A
6ff7,U,U
5eaw,A,A
2xzl,A,A
5rl6,A,A
6ej5,A,A
6p74,A,A
7cte,D,E
7ctf,E,C
7ctg,E,E
1nks,A,C
2ql6,A,B
4cvn,A,F
6wvk,H,D
6yys,H,D
6yxu,H,D
6zca,H,X
6ppr,A,B
6zfb,H,H
5txv,S,X
6po1,A,H
1f2u,B,D
1ii8,B,A
6qj4,C,E
5da9,A,C
4w9m,C,C
6s6v,C,B
4nch,A,B
1nlf,A,B
4wop,A,B
4a0f,A,B
2r44,A,A
7egq,E,C
3gp8,A,A
5mbv,D,C
3e1s,A,A
3upu,A,A
5n8o,A,A
4ru8,A,B
3r9i,A,B
1ion,A,A
7npd,A,A
3r9j,A,C
4xrp,A,D
1yj5,A,B
7mi3,A,A
6i27,A,A
6hyp,A,A
5c3c,A,A
4zpx,B,B
6hz4,A,M
3k1j,B,A
4rh7,A,A
4w8f,A,A
5nug,A,A
6rla,A,A
5vh9,A,A
5vlj,A,A
6zyy,C,C
6zyw,A,A
6sc2,A,A
3vkg,A,A
6wgc,A,9
2x31,G,G
5vhj,D,G
5vhf,D,G
5vhi,D,G
4a3v,D,A
4jpo,C,A
3whl,A,B
6epd,H,Z
5t0i,B,f
5uie,A,H
1in4,A,A
1in5,A,A
6sza,A,A
6szb,A,A
3j3r,A,1
4ebj,A,B
4ebk,A,A
5xne,A,B
4ili,A,A
5qy1,B,A
4i43,A,B
3zef,A,B
5iw7,A,A
2x1c,A,B
4kzt,A,B
5yei,A,A
3s6g,A,A
4usj,A,D
4q1t,A,A
3wwn,A,B
6kkr,A,A
6m1y,A,A
5j4i,A,B
6li9,B,A
6irs,B,A
3byq,A,B
6c08,C,B
3h0n,A,A
2lzf,A,B
7kyp,B,D
5do7,A,B
6xjh,A,B
5xjy,A,A
5nj3,A,B
4yiy,A,B
4yix,A,A
4lsg,A,A
5uar,A,A
5u1d,A,X
4ry2,A,A
6jbj,A,B
3lft,A,B
6rwb,A,A
6l7e,A,A
3j5s,D,D
4p31,A,A
4tqu,S,M
4rfs,A,T
4r9u,C,A
5gko,A,A
5l75,A,G
6xbd,I,G
4fwi,B,B
4jbw,A,N
3j16,B,G
6xgy,A,B
5awf,C,A
4tqv,L,H
2r6f,A,A
2ygr,B,D
5fms,A,B
2iqi,A,B
3kmv,A,B
6sxr,A,A
3akf,A,A
2va0,B,C
4r0c,A,B
4lip,D,E
7ots,A,B
4qff,D,D
1cqz,A,B
3bdi,A,A
2zyi,A,A
2es4,A,D
5dwd,A,B
3doh,A,A
4q05,A,B
2zsh,A,B
7d79,C,C
2wtm,A,B
6ky5,A,B
6n8e,A,A
3nuz,A,B
4ok0,A,B
1zel,A,A
4n78,F,A
3p8c,F,B
1ujs,A,A
4nl5,A,B
2mjg,A,B
6c6l,N,K
6vq6,c,p
6m0r,N,B
4wd1,A,A
1pg3,B,A
5h3i,A,C
2f9i,A,C
5cs0,A,B
5csk,A,B
6k5l,A,B
4p69,A,A
3lcb,B,C
6ioy,A,B
4lrs,B,A
4lrt,B,A
1nvm,B,B
5l9w,C,A
5ddk,A,B
4n8h,A,A
3ddd,A,A
3iwg,A,A
5cnp,A,B
7c4g,A,A
6nas,N,A
4zm6,A,A
4psw,A,A
6qk7,C,A
6yga,A,C
6ygb,A,B
6cw2,D,C
4kvm,E,A
6vp9,A,B
6ia8,A,A
6iad,A,A
6c9m,B,C
5fvj,A,B
5us1,J,B
7ak7,A,C
3frm,A,A
4r36,A,B
6sp0,A,A
5w3t,A,B
5w3x,A,B
4yrh,A,B
4my0,A,B
4my3,A,A
4nv7,A,B
4onu,A,A
2zw4,A,B
4mbu,A,B
4qc6,A,B
5o7o,A,D
6i2t,A,B
3fju,B,A
1n9k,A,B
1u7p,A,B
7cnp,A,B
7cnq,A,A
4nqy,A,B
1l5j,A,A
5acn,A,A
1is2,A,B
5y9d,A,A
5ys9,A,B
5k3g,A,A
5vit,R,Y
5vj1,C,A
5cmo,A,B
4ku2,A,B
4ku3,A,A
6esq,I,I
5gk2,D,D
5nc5,A,G
3noc,A,E
5ng5,J,A
6iok,E,K
2rdd,A,B
5gol,A,B
1mjg,M,M
1oao,C,C
6u9h,F,G
6u9d,C,C
5den,A,A
1y7p,B,B
3nrb,A,B
6dzs,A,A
2qmx,A,A
6wo1,B,A
6vz8,F,D
1cja,A,B
6lod,D,A
6btm,D,B
6f0k,D,C
4wyb,A,B
1k8k,A,F
6fm2,A,B
6anu,A,a
5yu8,A,H
5nbn,A,H
6f1t,B,m
6znl,H,Y
5adx,E,b
2w49,P,0
1atn,A,D
5aft,A,K
1y64,A,B
5afu,A,L
4pkg,A,G
5i9e,A,E
6cxi,A,G
3j82,B,A
5h53,D,A
4xei,B,G
4xf2,A,E
6dec,H,K
6nbe,A,P
5ce3,A,B
6gvc,A,S
2v51,B,F
5tgc,A,C
1kxp,A,D
6ltj,J,I
4pl7,A,A
4pkh,A,B
6kn7,H,X
6kn8,F,U
6upv,A,L
1lot,B,A
6jh8,A,B
6fhs,J,I
2fo1,D,E
1nys,A,C
3nh7,B,O
2pjy,C,B
1lx5,B,A
2xqn,A,T
1zvp,A,B
6lxg,A,B
1u8s,A,B
5gs9,A,A
2f06,A,B
5x04,A,B
6ijc,A,A
4l1f,A,A
6kpt,A,A
4y9j,A,A
5ol2,C,A
4nxl,A,B
6fah,C,B
2oku,A,B
4oj1,A,B
3vti,A,A
3vth,A,A
1iuq,A,A
5zk4,A,B
4mz0,A,A
6u5t,G,G
6fij,A,B
1tht,A,B
5ke1,A,B
3b2z,A,E
6qig,A,A
3ghm,A,A
3ghn,A,A
2dw0,A,B
5y2z,A,A
4nee,A,B
5nzr,G,R
4p6z,G,S
5a1u,E,G
5a1v,E,G
5a1w,G,D
5nzs,K,K
6owo,B,N
6owt,A,N
4uqi,M,A
3ml6,A,A
4emz,A,E
4zbo,A,B
4w5a,A,E
2pv0,A,C
3nqb,A,B
3t81,A,A
2ofk,A,B
1vgg,A,B
2kje,B,A
5g5n,A,B
4djb,A,B
5iro,H,L
4e5x,G,A
6cgv,A,B
5ldn,A,A
6yba,B,N
4cwu,A,U
4liy,A,B
1qiu,A,A
6qnt,A,D
6z7n,M,B
3iyn,Q,F
1vsz,R,J
2qlv,A,B
4zhx,A,B
4qfg,A,C
4m0g,A,B
6itx,A,B
4hc1,A,M
1usq,A,B
3zh5,A,B
6rut,F,E
6rc9,A,A
4z6k,A,D
4l0q,A,A
5a3j,A,A
1kol,A,A
2b5v,A,A
4we3,A,C
4kzp,A,D
4tkl,B,A
2uv8,A,A
7onu,A,F
2vz8,A,B
3slk,A,A
1lxy,A,B
4mkf,A,B
4lvc,A,B
4pfj,A,A
1tlu,A,B
4l2z,A,B
4gf1,A,A
6klo,H,C
6klw,H,F
5k27,A,B
6d36,A,B
6dre,A,B
4nle,A,A
1y10,A,B
4oeb,A,B
5jzh,A,B
3g4n,A,A
4ogr,C,L
4imy,G,F
5jw9,A,B
4or5,E,C
6k7p,A,A
1yoz,A,B
2nwt,A,B
2lm0,A,A
4or1,A,B
5y9g,B,B
1aor,A,B
4z3w,A,A
4z3x,A,E
1l1i,A,A
5z6p,A,B
4bq2,A,A
4ova,A,B
4qw2,B,A
4qvz,A,A
1jlx,A,B
5mua,A,B
5d61,A,A
4ofq,A,B
4tsh,B,B
7cgp,B,B
6jr6,A,B
5f7u,A,A
5i23,A,A
1xg7,A,B
4f1n,A,A
1y8z,B,B
3n72,A,B
6xlh,C,A
6xlf,C,B
4eo3,A,B
5cyy,A,A
1xfs,A,B
1y01,A,B
5uy8,A,B
5uz0,A,A
4q1q,A,A
5miu,A,A
4lii,A,A
2xtm,A,B
2i5t,A,B
2qik,A,A
1yox,A,B
4ycu,C,A
4ycb,A,B
6yb8,A,A
5avm,A,B
5cc8,A,A
2hry,A,A
3d54,A,D
1vk3,A,A
2i6r,B,D
4l78,A,A
3vys,C,A
4zp3,O,R
3j4q,A,B
5hms,A,B
4lmp,A,A
4o9u,E,B
4lus,A,B
4lut,A,A
4pb3,A,A
4z9e,A,B
6agb,F,G
7cux,A,E
3lmm,A,C
2cov,D,E
4kwf,A,B
6ahc,B,C
4nm9,A,A
4q71,A,A
4nma,A,A
5im5,1,2
6p6f,A,B
4m6r,A,B
4rnl,A,C
1z45,A,A
4l1w,A,B
5wie,A,B
7jrj,H,D
4rc5,A,B
4yrw,A,B
4ysw,A,A
4uhw,A,A
4uhx,A,A
4us8,A,A
4us9,A,A
5xvj,A,B
6snh,X,H
3rbh,A,C
3evh,A,B
4nei,A,A
4q8l,A,B
5zu5,A,A
4o8v,A,B
4knc,A,A
5v8d,A,C
5lm2,A,B
2oev,A,A
1diz,A,B
1mpg,A,A
4nur,A,A
4pdx,A,A
4yr1,A,B
6psi,B,C
2mlx,B,A
5jtl,E,A
2mly,B,A
1sg3,A,B
1z8k,A,B
1lk9,A,B
2hor,A,A
4kw5,A,A
2fcw,A,B
2fyl,A,B
1aqh,A,A
1izj,A,A
2qpu,B,C
1qi3,A,A
3dhu,A,A
5cgt,A,A
4lpc,A,A
3edd,A,A
3ede,A,A
1iv8,A,A
6fme,A,B
5ot1,A,A
4u33,A,B
1ava,A,C
1viw,A,B
4lxf,A,A
1lwh,A,A
7lsa,A,A
2ya1,A,A
2e8y,A,A
2ya0,A,A
1kck,A,A
1tmq,A,B
1eh9,A,A
4uzu,A,A
5kbp,A,B
5jm0,A,A
2wyh,A,A
6b9o,A,A
6b9p,A,A
6rpc,A,A
1ywm,A,A
1iu1,A,B
1ky6,A,A
6yai,F,F
5any,A,C
5vu2,E,Q
6nk6,A,I
6imm,d,h
2e8g,A,A
4kuj,A,B
4oue,A,B
4ni3,A,A
6izr,1,2
4aud,A,B
4r19,A,B
2dgd,A,C
5ewq,B,C
6c62,A,D
5i8i,A,B
4n0h,A,B
3h0l,A,E
4wj3,A,C
4ols,A,D
4bj4,A,A
1aro,L,P
4m6h,A,B
5j72,A,A
3d6n,A,B
4bjh,A,B
1ie7,C,C
4ubp,C,B
4z42,C,A
4l5p,A,B
4r7w,A,B
4nq3,A,B
4bin,A,A
4wh5,A,B
4mgr,A,B
4n0b,A,B
6m4n,A,C
6m4o,T,E
5h7d,A,A
4m0j,A,B
4kxk,A,C
5usr,A,B
5kz5,1,D
5wkp,A,D
6pd1,A,A
4lw4,A,C
3lvj,A,C
4zcc,A,D
6vyp,K,A
4zcd,A,A
4kum,A,A
6nsj,A,B
1wsc,A,B
4nh2,A,D
2guw,B,B
1t8r,A,B
7ev9,B,B
4phz,B,C
4pi0,B,A
4r1l,A,A
3tsy,A,A
5ja1,A,B
5d6j,A,B
5ja2,A,A
4pyh,A,A
4pv4,A,B
1jaw,A,A
1k1w,A,A
1k1x,A,A
4ui9,A,O
5a31,A,A
6tnt,L,N
5g05,L,H
5g04,D,O
6q6g,D,U
6q6h,D,U
4rg6,S,A
4rg9,S,A
6tlj,N,S
4yii,A,U
5lcw,N,B
4rg7,A,B
2c2l,A,A
4kbq,A,C
5dse,A,B
4i9c,A,A
2q7f,A,A
5bpw,A,A
6tm5,I,N
5gxh,A,A
3jb9,U,i
3fmp,C,B
7apk,c,c
3ewe,A,D
4n14,A,A
7kyx,A,A
3hym,A,B
4p39,B,C
5b4p,B,A
4tsl,A,B
5n6y,C,A
4mqe,A,B
1jdp,A,H
5kca,A,A
6jfy,C,C
4pe5,B,B
4xoi,B,D
4o60,A,A
4k5b,A,D
5aq8,A,A
7a1n,B,A
6moe,A,D
2p2c,R,F
1ikn,D,A
5czy,A,A
6jmt,A,A
7mxi,E,B
2v4h,C,A
7e8i,K,B
3q9n,C,A
6c9k,A,A
6dmw,C,E
5uqe,A,B
1awc,B,A
6emk,G,C
4bep,A,A
6ndz,B,A
6qep,A,A
5lel,A,C
4hrn,A,D
5oyj,A,D
5knh,D,I
4ydy,A,I
4bsz,B,A
6s9s,F,A
2f8x,K,M
6rz3,B,A
6aun,A,A
5mbl,B,A
5cec,B,A
4hrl,A,C
7n2b,A,A
6v9h,C,C
6aei,A,A
5itz,F,B
6mwq,A,A
6mzf,b,Y
6fes,A,A
4mo4,A,B
1anw,A,A
5lpu,A,C
5j67,A,A
5j68,A,A
4wis,A,B
6p46,A,A
6hmj,A,B
4akk,A,A
1sd5,A,A
5oo7,A,B
5ahv,F,E
4pks,A,A
1k90,A,B
7bvd,A,B
4pen,A,A
1i1q,A,B
2bx9,A,B
2zp8,E,A
5ht0,A,B
1ile,A,A
4qrd,A,A
1ivs,A,A
1qu2,A,A
5h4v,A,B
1j09,A,A
1irx,A,A
4mvw,A,B
1p5u,B,C
1p5v,B,A
1z9s,B,A
4u2w,B,A
6gs3,A,B
2wj9,A,B
5ubm,I,A
4mo1,A,A
4llz,A,A
4ejx,D,A
6wxr,A,B
4m10,A,A
6wxu,A,A
5btu,A,B
5gn7,A,B
3igm,A,B
4i5t,A,B
1z6t,A,A
5hws,A,B
4ol9,A,A
1bg6,A,A
4xgv,A,C
5lgg,A,A
1jpp,C,A
1deb,A,B
4yjl,A,D
6p2a,A,B
3aqj,A,A
7eu4,A,B
4naw,A,B
5dfz,D,D
5jy7,I,B
4u94,A,A
5a63,C,B
6l4o,A,B
1l6l,1,2
5hx5,A,B
6nil,A,B
5hx4,B,A
5w45,A,B
6x91,A,A
6dvu,A,B
4ogq,C,C
1tkw,B,A
1vf5,C,G
6rqf,C,E
4pv1,C,H
2d2c,P,N
1q90,A,D
7lf7,K,H
1av1,A,B
2yg2,A,B
6itu,B,A
2fk3,A,C
4pwq,A,A
4rd9,A,B
4yn0,B,A
1jnr,B,A
1jnz,B,B
2fja,B,C
4rfv,A,B
1x6v,A,A
1xjq,A,A
6ro0,B,D
1bcp,B,B
1s18,A,B
4pfh,A,B
7bvr,A,B
5hmq,A,A
4lql,A,B
4r1o,A,A
7bvc,A,B
6x0o,A,A
7bve,A,A
5u93,A,B
3kmi,A,B
5bs6,A,A
6z6f,A,B
6z6h,A,C
6z6p,L,L
1arq,A,B
1mnt,A,A
5u9l,A,B
5ly5,A,A
4n2p,A,B
5o4u,A,B
6ytu,A,B
7bto,D,E
7btr,B,D
6sna,A,K
6i89,A,A
5izh,A,B
6klc,A,A
4zjf,A,B
6s9j,D,C
4o6h,A,D
3mwp,A,A
7ckl,A,B
4dcn,A,C
4v0m,A,B
5ee5,B,A
2a5d,A,B
3pcr,B,A
4q66,C,A
1j2j,A,B
1ksg,A,B
1r4a,A,E
4c0a,D,B
2w83,A,C
3vhx,A,B
6ii6,C,A
6bbp,A,A
6h5b,A,B
1m2o,B,A
6gni,B,A
2qtv,B,D
6fae,B,A
3bh6,A,B
6zga,C,E
5u4j,w,v
1i49,A,B
3fm8,C,B
4q3p,A,B
1j1z,A,B
1vra,A,B
5vm9,A,C
4kxt,A,A
4ola,A,A
4olb,A,A
4w5n,A,A
3c9a,A,B
3n2o,A,B
3nzp,A,B
1b4a,A,D
1f9n,A,A
3gdz,A,D
4oby,A,A
1iq0,A,A
7b5l,H,C
5tte,B,B
7b5m,H,R
5eq2,A,B
5eq3,A,A
4ljx,A,B
5ceh,A,A
6l87,A,A
4zi2,C,A
4mz5,E,E
1qz7,A,B
3sl9,E,C
3ifq,A,C
1wa5,B,C
1jdh,A,B
4u2x,D,A
4uad,A,E
5mfd,G,H
4rzp,A,A
6wx8,A,B
3tx7,A,B
3tpo,A,A
1luj,A,B
2c1m,A,B
5tbk,A,K
1z1b,A,B
5j0n,F,N
3rmp,A,C
6ha7,C,C
5f13,A,B
2jdq,B,D
2w3c,A,A
5a8j,A,A
1z01,B,D
4nb8,A,A
6w17,F,H
3gd1,E,I
6f7j,B,A
1ihu,A,A
3igf,A,A
6so5,A,D
3sjd,A,E
4pwx,A,E
3f0i,A,B
1z3e,A,B
6ghb,A,B
3kgk,A,B
6hxr,A,A
1p65,A,B
4p04,A,B
4p05,A,A
5wku,A,B
4ntw,A,B
4ntx,A,C
5guq,A,D
5f4y,A,B
4rrp,M,N
3aad,B,A
5zba,B,A
2i32,A,E
5c3i,A,D
1jr5,A,B
6k4y,I,F
5ulm,A,A
4mx2,A,A
1aos,A,A
5fca,A,B
11as,A,B
4pcq,A,B
4un1,A,B
1jgt,A,A
1q15,A,A
1m1z,A,A
1dp5,A,B
1f34,A,B
6i3f,B,A
5vae,A,C
6lnw,A,B
6oyc,A,C
4r8k,A,B
1ihd,A,A
2d6f,A,A
4o0c,A,B
1ge7,A,B
5hxx,A,B
5jz8,A,B
4p7w,A,A
1aw8,A,B
4cs0,A,B
2dc1,A,B
1j5p,A,A
1jfl,A,B
4rgh,A,B
1nc7,A,B
5zjk,A,B
6ht9,A,B
7aq1,A,A
1ynf,A,B
4mri,A,B
5j69,A,A
5ewn,A,B
5kou,A,B
3ts3,A,B
6hgc,C,A
6cga,B,A
2ffs,A,B
5xv4,F,N
4yk8,A,B
6gma,A,B
6sur,I,J
4p1w,C,F
5jhf,C,B
4hpq,A,B
3t7g,A,B
3vx7,A,B
4waa,A,B
4xc2,A,E
2z0d,B,A
3w1y,A,C
5yec,B,A
6wqz,A,B
5im3,B,B
4r1r,A,A
4x3v,A,A
5cns,A,F
6no0,A,B
1jkj,B,D
4xx0,B,A
3ln7,A,A
3df7,A,A
3vot,A,A
4xyl,B,D
7lgn,A,B
4xym,B,A
4rf6,A,A
4q2r,A,A
4tsf,G,G
4tt3,G,A
4xd7,G,A
5t4o,G,H
4yxw,G,H
5ara,G,I
5dn6,G,Z
4z1m,G,H
6j54,8,a
6j5a,8,i
6tt7,Q,P
6j5i,8,b
6j5j,8,d
5t4p,K,I
6b2z,M,S
6za9,N,O
6b8h,a,f
6cp3,X,8
6zbb,a,f
4q4l,A,A
5bn3,A,A
5y5y,B,G
5jji,A,A
6xas,A,G
4nph,A,A
5bw9,D,I
5are,C,S
3j9v,V,O
5tj5,B,A
4rnd,A,B
6ziq,e,g
6yy0,h,F
4res,E,G
4ret,E,C
4xe5,G,B
4o0m,A,A
5jwo,A,B
5hci,A,B
5o5o,A,C
1wy5,A,B
5ztb,A,D
1ni5,A,A
1cff,B,A
6cp6,6,Z
5vox,c,b
4i5v,A,A
4a7k,A,A
2jcd,A,B
6vpl,A,B
4ng2,A,B
4y15,A,C
2q0o,A,C
6wn0,A,B
2qom,A,B
3kvn,A,A
1lr5,A,D
4ldu,A,A
4nj6,A,D
2p1n,C,B
1ij8,A,B
2nud,A,B
4fpr,A,B
4bjm,A,B
4bjn,A,A
2qkw,A,B
3tl8,B,A
6nzo,S,E
6px3,S,C
5fdf,A,B
1oa8,A,B
3utm,C,B
6sav,A,A
1bvn,T,P
5ed1,A,D
6vff,B,B
6n91,A,B
3lgd,A,A
1w1i,E,B
2otk,E,C
5h75,A,A
5djt,B,A
3s1k,A,V
4bxl,A,C
1k50,A,B
4q37,A,B
1k7y,A,A
1xrs,B,A
4xc6,A,A
6h9e,A,B
1k98,A,A
4r3u,C,A
2i2x,B,A
6wte,A,A
5c8d,H,D
5z62,N,A
2az0,A,B
4p71,A,A
7by6,B,B
4p72,B,D
3l4g,F,L
5jja,A,B
6voy,E,D
6z2y,C,A
3hlk,A,B
3k2i,A,A
6p8o,A,B
6grj,A,B
6i2m,A,A
3zmr,A,B
4zmh,A,A
1tzb,A,B
6wi6,A,B
4rgd,A,B
6sif,A,E
6ria,1,2
4m01,A,B
3vsm,A,A
5xea,A,A
6ea6,C,D
5xki,A,B
4ye7,A,B
5lcb,A,E
5he8,A,B
2hcb,A,B
4m4w,K,A
5x06,E,A
1ihf,A,B
6s3l,F,K
6f2d,F,G
7bin,F,K
6r69,F,A
7a1d,A,B
3sql,A,B
4l2m,A,B
4us5,A,B
4pqk,B,B
6gsz,A,A
6i60,A,B
2okx,A,A
4qi1,A,B
5jje,A,B
1pp0,A,B
5w7l,A,B
6ghd,A,C
6rpr,D,G
1oqe,K,A
5aqg,B,F
1m4z,A,B
4wxx,A,A
5z8l,A,A
1zbx,A,B
4yoc,A,C
1bhm,A,B
4ky9,A,A
3bk6,A,B
4w7z,A,B
6up6,A,B
6pqk,B,D
1ay7,B,A
4jp7,A,B
4nsw,A,B
2rai,A,B
2raj,A,A
1r30,A,B
6nq8,A,C
4pzf,A,D
6vbu,0,8
6vbv,5,9
6vnw,G,I
6voa,B,B
4mjt,A,B
6icz,K,L
5mqf,K,I
7c4h,A,B
4llh,A,B
4mp2,A,A
5h8z,A,C
6m32,E,D
6fbx,A,B
4qvf,A,B
6tzc,B,C
4ppi,A,A
2a5y,A,B
1ty4,A,C
2jm6,B,A
5uul,A,B
6hjl,A,C
5fcg,A,C
4mi8,A,B
3twi,A,B
4uf3,B,A
1oqd,K,A
6z4u,A,B
7lgo,A,B
7jtl,A,B
7kg3,A,A
6j11,A,B
5i08,A,A
5w9h,p,p
5x59,A,B
6acg,C,D
6xdc,A,B
1k1f,A,B
1zc6,A,B
4p00,B,B
4q3k,A,B
7bft,A,A
6mly,A,A
5lup,A,B
4hi6,A,B
1mi1,A,B
1t77,A,A
4yk2,A,B
5zd4,A,B
4rdq,A,B
7jyz,B,A
6v4x,H,I
6q55,A,A
6i1d,A,A
4kz3,A,B
1ei5,A,A
2qmi,A,A
3c4o,A,B
2xep,A,A
5v6c,A,B
3o44,A,A
1xez,A,A
2p64,A,B
5ifp,A,A
5ift,A,A
5ihr,A,A
3l4f,A,B
4lnj,A,B
6i33,A,A
5w6f,A,B
4mr0,B,A
5zkw,A,B
1ifv,A,B
5wu7,A,A
3zi5,A,D
2c1l,A,A
1sj5,A,B
4ttg,A,B
5a1a,A,A
1jz5,D,D
1jyn,A,A
4u29,A,A
4rqw,A,B
4rs9,A,B
4ytd,A,B
4qve,B,A
5n40,A,A
4qra,A,B
4qr7,A,A
2yn3,A,A
2zwk,A,E
2zqk,A,A
4fd0,A,A
6hhu,A,G
3pe9,A,D
2f68,X,X
3irp,X,X
4mbo,A,A
7a1i,A,C
1lc0,A,A
6l8u,A,B
4nam,A,A
5fr3,A,A
4qsh,A,B
4mv1,A,A
3va7,A,A
6ybp,G,G
5ks8,A,E
4tko,B,B
5flg,A,B
4dve,B,C
4lgu,A,B
6b5b,A,F
5yud,A,C
1nw9,A,B
2pop,B,A
1g73,C,A
3m0a,D,C
3t6p,A,A
2pgg,A,A
2pus,A,A
2df7,A,B
6si6,A,B
2gef,A,B
5zmu,A,B
6v5a,A,A
4ad9,A,A
3l5q,5,E
6kwy,c,c
5ynx,A,B
2lo0,A,B
6w72,A,B
3gfx,A,A
4liw,A,B
4nwn,A,B
5szg,A,B
2vog,B,A
4pev,A,C
2j5d,A,B
4xe9,A,A
4q6k,A,A
2ber,A,A
1kit,A,A
4sli,A,A
6mrx,B,C
1mr5,A,A
5uam,A,B
2bw2,A,A
4pug,A,B
2mma,B,A
4ezu,B,A
7a2d,A,A
5fim,A,A
6c0f,s,p
6em3,B,n
6cb1,s,G
2kdd,A,B
4lo8,B,F
4lo7,C,A
1k9b,A,A
1df9,C,B
5iet,A,B
5ta0,A,A
6cvl,A,E
7ahd,A,A
2onk,C,E
3b77,A,B
2ejf,A,C
4op0,A,A
3a7a,A,B
4tvw,A,A
3bfm,A,A
5e7t,G,H
3u6x,S,T
4div,A,B
2auh,B,A
5xnc,A,B
5hlt,A,B
3s1s,A,A
2gak,A,B
6ej7,A,A
1miu,A,A
1iyj,B,A
1mje,A,A
1n0w,B,A
5cw3,A,C
5cw4,A,A
4ofb,A,A
2nte,A,A
7nfc,M,B
7nfe,J,B
6hm5,A,A
6l30,A,A
7lsy,X,F
7lt3,X,X
6wh1,A,B
5ecg,C,B
2nnu,B,A
6h3c,C,E
6cnb,R,S
6cnc,R,P
6cnd,R,R
2yad,A,B
5wxl,A,C
5z1g,B,A
5z3g,O,Z
5o9e,A,B
5jpq,c,x
4xd9,A,B
5cru,A,B
6kp3,A,B
6bn7,C,B
4n3w,A,A
5t35,A,D
6bn8,C,B
1js9,A,B
6mzc,K,E
7edx,H,I
4wv4,B,A
6l0v,A,G
3bhw,A,B
5oqj,1,1
6nmi,C,B
5oqm,1,1
7k01,1,6
6o9l,1,Q
1knv,A,B
5mkd,A,B
5dz8,A,B
4pkf,B,A
4pkc,C,A
2x7a,A,B
2ixs,A,A
2fez,A,A
2ff4,A,A
6w66,C,B
4yy8,A,A
4zgc,B,A
5td6,A,B
2d5r,B,A
2mph,A,A
6tvn,C,D
1uty,A,B
2hyi,D,D
2j0q,I,B
2j0s,T,C
5z58,Z,Z
7dvq,Z,V
6h3s,A,B
3zl9,A,B
6l42,A,A
6y6k,A,A
5whg,A,A
5wwo,A,B
6fai,i,j
1jnm,A,B
1a02,J,F
2wt7,A,B
5gyy,A,A
6nzs,A,A
2f9c,A,A
7jlu,A,B
1mr1,C,D
5c4v,B,A
6ewb,G,A
5usl,B,X
4f37,H,B
3ks0,L,A
1im3,A,D
5bo1,I,B
4l3e,E,D
6ka7,C,A
1v7n,H,Z
5gzn,D,A
6fla,H,G
3u9u,C,F
5udd,J,E
6xja,H,P
4mwf,A,C
4ubd,H,Q
2gj7,A,F
4q6i,F,K
1igc,H,A
4no0,A,D
5vz1,A,C
6jxr,n,d
6kxs,A,J
1lk3,L,B
5njd,T,A
7dr4,C,J
1ahw,A,F
4z5r,K,F
1fj1,A,E
1iea,A,A
1ieb,A,B
4lhu,A,A
7cqd,L,B
6iek,E,A
6b0h,B,I
4hkj,A,D
2vol,A,B
3of6,A,D
5d93,C,D
6woz,B,D
4xpb,L,A
2iwg,A,B
2qej,A,D
1jck,A,D
3es6,A,B
6svl,D,Q
2gnx,A,A
5ue8,A,A
6xgu,B,B
1xa6,A,A
5nus,B,A
6kxk,A,A
5ixc,A,A
4qj3,B,B
6pmp,A,B
4qj4,B,B
1cjy,A,A
4p42,A,B
2n1t,E,B
5w5c,F,E
5w5d,F,B
1wio,A,B
5u1f,M,M
4z18,A,B
4myw,B,C
5nax,A,A
4b0f,A,C
4pxq,A,B
4gng,A,D
6rbf,A,C
6n29,A,A
6tm2,A,A
7o2w,A,B
2l1w,B,A
4zi8,A,A
4xxw,A,A
6gl7,E,D
1o6s,B,A
4ux8,A,A
6q2j,E,E
7amk,B,A
7ml7,B,A
1szh,A,B
4b8a,B,A
3d45,A,A
5fxy,E,G
6g16,A,B
6wkr,N,A
6fc3,B,A
2pqr,C,D
6oee,A,B
3iec,E,A
4dvy,P,P
3cwx,A,B
2g3v,A,C
5h3v,A,B
6gyb,B,D
3jqo,B,A
6jho,A,B
6v22,E,F
6v35,E,A
1ihm,A,B
6gsi,A,J
3bow,A,C
1kfu,L,L
5hca,A,B
5v8z,B,A
6eny,G,D
7a8t,B,A
4tly,A,B
3e9t,A,C
3kl8,F,A
4qnh,B,R
6cnm,A,C
5ig3,A,E
5ldt,A,B
5h6i,A,C
3n2q,A,A
6nf1,A,A
5m50,C,D
4le8,A,B
4tpv,A,B
4ifa,A,A
6imf,A,A
5g1j,A,B
6ta7,G,D
4wbe,B,C
4nwv,A,B
5tip,A,D
1j5q,A,A
5zvt,b,B
5fa0,A,B
3p42,A,A
2hkn,A,B
2hqh,A,E
1txq,A,B
3ven,A,A
5kdr,B,B
5aq0,A,B
4wi0,B,B
4cpa,I,J
2r3b,A,B
3rrb,A,A
6gk2,H,F
4nqk,A,A
4a2q,A,A
4l5g,A,B
6ac6,A,A
2oqb,A,B
5x62,A,B
2kz7,C,A
1opo,A,A
1ndf,A,B
4xb4,A,B
4qqw,A,A
4qqx,A,C
4z7k,A,B
4z7l,A,A
3zfv,A,C
4oo8,A,A
6joo,A,A
4ogc,A,A
4oge,A,A
6o0y,A,A
6rj9,C,C
6wbr,A,A
5xbi,A,B
5yc9,B,A
3qyf,A,B
5w93,A,B
3t6g,B,A
5fsh,A,B
4n06,A,B
6qxf,I,B
5xvn,B,E
7kft,D,C
4mak,A,B
3vzi,A,B
7kha,A,B
5cd4,H,G
5h9e,J,A
5yi6,A,B
6s6b,H,H
6s8b,H,X
3w2w,B,A
6s8e,H,G
2zop,A,B
1z3h,A,A
4rgp,A,B
6yud,A,B
6w1x,A,A
5uz9,A,B
6b44,A,H
6b45,C,L
6lnb,B,J
5h9f,D,K
5u07,D,J
6o6s,A,B
3zth,A,B
6x7q,A,B
1noc,B,A
1iph,A,B
4qol,A,A
5bv2,P,P
1sy7,A,A
3vu3,A,C
4eyc,A,B
4cdd,A,D
1iwo,A,A
6zhf,A,A
1kju,A,A
4kyt,A,B
3w5a,B,C
4uu0,A,A
5vrf,A,B
7kzx,A,B
7eeb,E,G
1auu,A,B
3rio,A,A
2x53,1,Y
2x54,0,N
5fb4,A,B
3f6n,A,C
3g43,E,F
5gjv,A,A
6lmt,A,B
4wl2,A,B
5u7z,B,A
2l48,A,B
2h28,A,B
6qmp,A,B
7c9o,B,A
1io4,D,C
4v02,A,D
5u1g,C,K
1ou0,A,B
3eeq,A,B
5x3x,M,Q
4hzu,T,S
5d3m,D,C
5zt7,A,A
2jh3,A,A
2hb0,A,B
3f83,A,A
6xar,A,B
5axi,A,A
5hkw,A,A
5j3x,B,B
1nkg,A,A
2xhn,A,A
6b15,A,B
1of3,A,B
3aqx,A,B
4uz8,A,B
4v2x,A,A
5e9o,A,B
4jpq,A,B
4qi4,A,A
4qi5,A,A
4z4a,A,B
1us2,A,A
1j83,A,B
5dhe,A,B
6bt9,A,A
1itc,A,A
6fhv,A,A
2v8m,A,B
2c3v,A,B
5gxx,A,B
5x7o,A,A
3zm8,A,A
6rzn,A,A
5yn2,A,A
4xun,A,B
3k4z,A,A
1uxz,A,B
6kjl,A,A
2jv7,A,B
6pcz,A,B
6yar,A,B
6yay,A,C
6ybb,A,E
7lj7,A,B
5nmu,A,B
3l2b,A,A
1pvm,A,B
5x9g,A,A
4l0d,A,B
7bxu,A,A
5k22,B,A
3gs2,B,A
4owf,A,G
2adl,A,B
3g7z,C,A
1x75,C,A
6j4o,B,A
6h9m,A,B
5odc,B,B
5odh,B,C
4fqn,A,B
4y5o,A,B
6zmq,A,A
1iqc,A,C
6fu3,A,A
6vja,C,D
4tw0,A,C
5lgd,A,B
6i2k,E,B
7myz,C,C
4rww,A,B
3nws,A,B
4hce,A,B
3rmh,A,B
6lbr,A,B
6lbt,A,C
6s1m,C,B
5fwl,E,E
5dgo,A,A
6ptj,c,E
5u8s,E,2
5u8t,E,2
6ptn,h,l
6raw,A,L
5kiw,A,C
5ifs,B,A
2pjh,B,A
6mdm,A,K
2p63,A,B
6lkn,F,J
6k7g,C,A
6k7h,C,A
4dm4,A,B
5ydf,A,B
6ted,X,V
7bez,A,B
2pof,A,B
4qi3,A,B
5j70,A,A
6ytt,A,B
2h9a,A,B
2ycl,A,A
4djd,E,A
4c1n,A,I
1jsu,C,B
4g6v,A,C
5j4a,A,C
5e3e,C,E
5j5v,C,B
4ntq,B,A
2kw6,A,B
1ung,D,A
1fpz,B,D
4qm8,A,B
4o6m,A,B
5mlq,A,B
2wvr,C,B
1sr4,A,C
4xvh,A,A
1t33,A,B
6gdt,B,E
2z9e,A,B
5ccu,A,A
3gyc,A,B
5jnp,A,B
4p02,A,A
5tsz,A,B
1ufi,A,B
6o2d,A,B
6mup,K,F
5z08,D,B
4p0t,A,B
6eqt,A,B
6nuw,E,C
4ndy,A,S
3vh5,A,W
4ne1,a,b
7da2,A,E
6j99,B,K
4z2m,J,B
6xws,B,C
5bs7,C,E
5lsk,P,A
6f07,A,B
6fe8,A,C
6gys,B,B
4l0r,A,B
6g7o,A,A
2zxc,A,B
4wgk,A,A
3suk,A,B
1jya,A,B
5z38,A,G
1xkp,C,A
1jyo,A,F
3kxy,A,T
1l2w,A,I
4gf3,A,B
1l0s,A,A
4y7s,A,C
4oi4,B,A
2npi,C,A
4xah,A,B
4ww5,B,A
3enh,C,B
1sjj,B,A
4b7l,A,B
5hwk,A,B
3e0s,A,B
1jep,A,B
4doo,A,B
3zph,A,C
5wx7,B,C
1tlw,A,B
5d74,A,B
2io7,A,A
5d76,A,A
1k3s,A,B
3vjp,A,B
4u9t,B,B
4in3,B,C
6k62,A,B
1qba,A,A
1qbb,A,A
1c7s,A,A
2lql,A,A
5o31,X,Z
5xtc,u,S
5xtd,u,s
5aj3,m,G
6ymz,A,A
1xkr,A,A
5xlx,A,B
5ftw,A,A
5xly,A,B
6s1k,A,C
1b3q,A,A
3ja6,A,M
6vpw,A,B
1a0o,B,A
1kmi,Z,Y
4txg,A,A
5dez,A,B
4mpi,A,B
5gzt,B,B
6gjt,A,B
5h45,A,B
4lcz,A,B
5xnl,R,A
4rku,3,A
5zgb,4,L
5zji,2,N
5xnm,R,H
6kac,R,B
4xk8,4,F
6igz,0,H
4y28,2,J
5l8r,1,G
4m05,A,C
4nwp,F,G
4np4,A,A
4cnl,A,A
4x36,A,A
2ixu,A,A
4ttu,A,A
4r77,A,B
6utp,E,E
4ug4,B,E
6fny,A,A
1i19,A,B
5z9t,A,B
2xcm,E,C
4lu5,A,B
6rfg,A,B
6rfl,Q,Y
6ric,J,I
6rid,J,C
6a9e,A,B
6cbc,A,A
4lj2,A,A
2ahc,A,B
6tjv,P,Q
4nw2,A,A
5t1i,A,B
2fmm,D,E
5exv,A,B
7bj3,A,A
2jss,B,A
5xtb,I,P
6g2j,r,D
6g72,r,V
6zk9,h,3
6zkc,h,i
4nac,A,B
4mac,A,B
2yk0,A,A
4dhx,A,B
3efy,A,B
6p8i,A,A
6um2,A,A
2l29,A,B
4uoc,A,B
4uuw,A,A
4uux,A,B
5vji,C,F
5j09,A,E
6zyv,A,B
5gmk,G,F
6rbk,A,B
6rao,G,H
7lvs,F,F
1xr4,A,B
3h9p,A,B
6ol0,A,B
4f35,A,B
6hxh,A,B
4lpa,A,D
4md7,A,B
7kiy,A,A
4qmi,A,B
6sbz,A,D
5ods,A,A
5gjw,E,A
3km5,A,B
4lo4,A,B
5b2g,B,A
2b9l,A,A
5ew5,A,C
1jch,A,B
1rh1,A,A
7nsu,D,D
7nst,D,E
3eip,A,B
4udm,A,B
4ohv,A,A
6of2,B,D
4yjm,A,B
3mem,A,A
3swf,A,B
5kn4,A,B
2bm8,A,B
5dik,A,B
5kik,A,A
6sh8,K,y
4zk7,A,B
7l85,B,A
4oj7,A,E
5j6f,B,B
5ckx,C,A
1d2o,A,A
6m3y,A,A
6yvu,D,C
6yvv,D,A
5oqn,B,A
6yhk,A,A
3la7,A,A
2xko,A,C
5cvr,A,A
5u6o,A,B
6x0v,G,H
4b8b,A,B
4wde,A,B
2xmo,A,A
6wsk,A,A
4cxf,B,A
1cnt,1,1
6ivc,A,B
1j31,A,B
5n6h,A,A
4cyf,A,A
4zo4,A,B
6n39,A,A
1nu7,D,H
1aoc,A,B
6tzt,A,B
1xcb,E,A
2csu,A,B
5dbn,A,B
5yit,A,B
4zrp,A,B
3kq4,A,B
4zrq,A,A
1g64,A,B
4zhj,A,B
6ysg,A,A
6gml,V,V
1c9k,A,B
4lps,A,B
4hi0,E,A
1nij,A,A
5im6,A,U
5ey0,A,B
5ey1,A,A
3mln,A,B
3mlp,A,B
2vh8,A,D
6scj,A,A
6bwg,B,C
6uvx,A,B
6xi9,A,A
5y1z,A,C
1aoh,A,B
6wg3,E,C
5c6g,C,C
5k31,A,B
5o7e,A,A
1tfk,A,B
5znm,A,A
2a8k,A,B
2dfx,E,I
2hdi,B,A
4n59,A,B
1lpa,A,A
1lpb,A,B
1n8s,C,A
5cti,A,B
4qfu,B,K
5msy,A,A
3hsh,A,B
2xgf,A,B
1ocy,A,A
6m17,B,D
4wai,A,B
4mqd,A,B
6bp6,A,B
6qoz,B,E
5a32,B,A
1mz9,A,B
6i1p,5,W
6hum,J,M
6khi,J,O
6cfw,K,J
6khj,H,S
6l7o,H,K
6rfr,C,M
5xfa,A,B
6zka,t,L
6zkb,t,n
6zkd,t,p
5ool,v,w
5oom,v,u
4us7,A,B
5fd4,A,B
5jub,A,B
6prk,A,B
4tx3,B,A
5t81,B,A
5er7,A,B
6aie,A,B
5n76,A,D
5a1x,M,M
1ix2,A,B
3zlc,A,B
6k83,A,B
3n7d,A,B
5b1j,C,A
1mg2,C,D
1mg3,C,A
1mda,A,L
5eo6,A,B
6e12,A,B
4rhp,A,B
7lht,A,B
4wnr,A,A
6vp6,A,C
6dd8,A,B
5jrw,A,B
2p13,A,B
7oca,E,E
4rpt,A,B
1d7m,A,B
4yg7,D,K
4pu3,A,A
5x29,A,B
5c8s,B,D
5c8t,B,A
6w75,A,C
4rs4,A,C
4s1t,A,A
7k0r,A,C
7exm,A,C
7rqg,A,B
3gzf,A,C
5f22,A,B
7krp,C,A
4ud1,A,B
4ovz,A,B
5szs,A,B
4f5c,E,A
4n4y,A,B
5ndc,A,B
5b1a,A,D
6kob,A,D
5weh,A,D
5b1b,A,F
5b3s,A,G
5iy5,A,J
5luf,x,8
5w97,a,l
5wau,A,M
1xme,A,C
6wti,A,B
6adq,F,H
7jro,a,d
7rh7,R,V
5djq,A,B
6xkw,n,p
5x19,B,I
6rkz,A,B
6rl0,A,D
4txv,B,A
5x1b,B,E
6t0b,c,m
6giq,e,A
6hu9,e,A
2ns9,A,B
4yty,A,A
1ytl,A,B
6gfo,E,D
6gg7,C,A
6gve,C,B
5mpf,A,B
1b33,N,B
1jh6,A,B
4o4o,A,B
4wzr,A,B
1aon,O,P
4pj1,1,M
6nr8,H,3
6nr9,A,1
7lup,A,Q
3e0r,A,A
1jdb,B,B
5dot,A,A
5hy7,A,B
2hye,A,C
6pai,A,C
6q0r,A,E
5zwo,3,2
7abi,E,7
4tz4,A,A
6g90,P,S
6y50,v,9
5ife,A,B
2b5l,A,C
6eoj,A,B
6bll,A,C
5a8t,A,A
3v67,A,B
4v1a,v,n
7of0,q,1
7oi7,q,F
4m8z,A,B
1aua,A,A
7e0w,A,B
5a40,A,B
4r60,A,B
4s2r,P,P
1j2t,A,B
5jem,C,A
1kbh,B,A
2l14,A,B
4r56,A,B
4nad,A,B
1xta,A,B
6zn8,A,C
4ill,A,A
4c98,A,A
4q11,A,B
6kj6,J,F
1w9c,A,B
5dis,A,A
4wvf,C,B
5dh9,C,C
5jlj,C,C
5uww,C,C
5cro,A,B
5lwg,A,D
1jo0,A,B
6ukj,A,H
7a0t,A,B
7a0q,A,A
5b5i,A,B
4w8j,A,A
4w9a,A,A
5z6d,A,B
1yhp,A,A
6mv1,A,A
5jx4,A,B
3trz,C,F
5xgu,A,A
2ix0,A,A
4rny,A,A
4rnz,A,A
6u2a,A,A
4wrl,B,D
6l7a,J,K
6l7c,J,A
5l2d,A,B
6gpe,A,B
5ktb,A,B
3n4x,A,A
4emc,A,C
4uw2,B,B
3n7n,A,E
5xyn,B,A
5an6,A,C
4qts,A,B
6r6h,D,E
6r7n,D,G
6r7f,D,F
6r7i,D,G
6r7h,E,H
5a5t,K,L
3jck,H,F
2fgy,A,B
4i0w,A,B
5dmb,D,A
4b9g,A,B
1ro7,A,B
5w2l,A,B
6w6w,A,C
5msm,B,A
6s2f,D,A
5oki,H,B
7bgf,A,B
7jv7,C,B
6swy,8,9
7nsc,H,H
4mfv,A,B
5trd,A,A
4zdi,B,F
4q2e,A,B
4xwi,A,B
4mvc,A,B
3h0d,B,B
4g7w,A,B
4g7x,A,B
6im9,A,B
6hbe,A,A
6dzd,A,B
5wja,A,D
4zel,A,A
4lmf,A,D
5cis,A,A
4lor,A,A
5fws,A,A
7m0r,E,B
5fwt,A,A
3x27,A,B
3cz3,A,C
5ow6,A,C
1otr,A,B
4jqu,B,A
4p5o,A,A
1ldk,A,E
4f52,A,E
1u6g,A,C
4a0c,C,B
4wqo,D,A
5ufi,A,B
4lej,A,A
1ipj,A,A
1rc6,A,A
1xe7,A,B
3d82,A,B
5o66,D,A
2d5v,A,A
3q5w,A,B
4r9x,A,B
4oyl,A,C
4q2j,A,A
1iqx,A,B
1jrq,A,A
1ksi,A,A
1lvn,A,A
1n9e,A,A
4bz4,A,B
1ws7,A,B
1j4v,A,B
5lj3,R,C
6id0,U,U
6ff4,R,R
6id1,P,C
6zym,R,A
5i8l,A,A
2k03,B,A
5zrt,A,B
4y42,A,D
4ysx,D,A
4ysy,D,B
4ysz,D,C
6lo8,D,A
1h3g,A,B
4m8d,A,B
2pk9,B,D
6rij,B,D
1jkw,A,A
4p41,A,A
1g3n,C,C
1zx8,B,C
4v3g,A,B
3myu,A,B
5a9b,A,A
5ezn,A,E
6p5x,A,A
6p5z,A,A
4n6n,B,A
5bpu,A,B
4mqw,B,A
4l0o,A,C
1kbi,A,A
7jtk,k,W
5a5y,A,B
2h92,A,B
3fdi,A,B
3a9f,A,B
6t15,C,U
4pd4,C,H
4u3f,C,F
5kkz,A,C
1kb9,C,E
1sp3,A,A
4qo5,A,A
1wve,C,A
2xts,B,A
4pw9,B,A
1kb0,A,A
7rh5,I,Y
6amg,A,B
4pbu,E,F
4pj0,E,J
4ub6,E,R
4q54,E,V
4o6y,A,B
4o9r,A,A
5kli,A,B
7rh6,F,I
5n1t,B,A
1dwl,B,A
4nfg,B,A
5klv,D,H
1kyo,D,I
1m1p,D,E
4rvy,v,u
6i5b,A,A
2j7a,B,C
1z1n,X,X
6r6n,A,B
1aof,A,A
5yq7,C,C
7c52,C,b
5y5s,C,S
7c9r,C,H
4ml8,A,C
5vob,B,D
5voc,B,A
7lbe,B,C
7jrg,G,C
7d5i,A,A
5doq,A,B
6rko,A,X
2wto,A,B
1h21,A,B
4bhk,A,B
4zgn,A,A
4zgq,A,B
5b08,A,B
4rv7,A,B
4yxj,A,A
2fb5,A,A
6c26,2,B
6ezn,B,H
6s7o,D,A
4wer,A,A
4up6,A,B
1vr6,A,D
4lrx,A,B
1un8,A,B
3cr3,A,C
4lrz,A,F
4zqi,A,B
4l1k,A,A
1li5,A,A
4x1j,A,B
4paa,A,B
2qcu,A,A
4p9s,A,A
4pab,A,A
5l46,A,A
3awi,A,A
1vrq,B,D
1x31,B,A
6neq,g,G
1arz,A,C
4ywj,A,A
5gz1,A,B
5xe5,A,B
3cj8,A,B
6g1h,A,A
5h2g,A,A
6cfz,A,F
7ody,A,B
5grq,A,B
6sws,A,B
3ivp,A,B
6dwz,A,E
2bw3,B,A
6b5f,A,B
7bbb,A,A
4xmq,A,B
6eus,A,B
5has,A,A
2j4h,A,B
2v9x,L,B
4lc5,A,B
6k63,A,A
2obc,A,A
1q67,A,B
5j3t,A,B
5j3q,A,B
2lyd,A,B
4qde,A,B
4qdv,A,A
4ndf,A,A
6e8a,A,B
4mco,B,C
4di3,D,A
5io9,A,B
3bpb,A,B
6juy,A,A
6u08,C,E
6k7x,E,C
1bcm,A,B
4fcy,B,A
1bco,A,A
5cr4,A,B
1mm8,A,A
6x67,C,D
6s7t,G,F
1nbw,A,A
2d0o,A,B
4noe,A,B
6fwr,A,A
5zal,A,A
4u4c,A,A
5aor,A,A
4o3m,A,A
5a9f,A,A
2vsx,A,F
6znp,A,A
3pez,A,C
4nl4,H,H
4nl8,A,A
5lj5,Q,A
4q47,A,A
5zak,A,A
5f98,E,E
4qu4,A,A
5dca,A,A
4buj,A,A
1gku,B,B
5fmf,Y,Y
1d2z,A,B
2n80,A,B
4d8o,A,A
3g5b,A,A
4zbw,A,A
4lb1,A,B
1iju,A,B
4lc3,A,B
5uto,A,B
4uqu,A,B
4ur0,A,A
5gzx,A,A
1jju,A,C
1jmx,A,A
1jmz,A,A
3a15,A,B
1iwb,A,L
1iwp,A,G
6jk1,A,B
6j69,B,A
6ekk,A,A
3tw8,A,A
4moz,A,B
6ces,D,D
6n9g,A,A
6cet,D,D
7czb,A,B
2dqa,A,B
4pj2,C,A
6gq8,A,B
1vzg,A,A
4reg,A,A
4qji,A,B
5t2f,A,A
4a9a,C,A
3nuw,A,B
4p6c,A,B
6mnz,A,A
6f38,e,i
3qmz,B,S
4ly8,A,B
4m2x,A,G
4ky4,A,A
4rpa,A,B
1ir6,A,A
1k20,A,A
6bms,A,D
2i52,A,B
5ksw,B,A
4ylf,A,A
7ljs,A,A
7ljt,A,B
4ph6,A,B
5swv,C,C
6bmb,A,A
6hqv,A,A
4rc9,A,B
5eks,A,B
6tgb,A,A
6tgc,A,A
6aj4,A,A
2ffl,A,A
1uur,A,A
1uus,A,A
6ixp,A,D
4ll8,A,E
3gix,A,B
1syx,A,B
5gan,D,F
4pgg,A,B
4qvg,A,B
6iz2,A,B
6o6l,A,C
4x8b,A,A
4who,A,B
5td3,A,A
4whp,A,B
5ft0,A,B
6bxk,A,B
6q2d,A,F
1ru8,A,B
1mdt,A,B
4ow6,A,A
5i82,A,A
4rev,A,B
4pmw,A,A
5y31,A,A
6bdz,A,A
3fhk,A,E
3e59,A,B
5z2w,B,A
4ug1,A,B
4wip,A,B
2aus,A,C
7bgb,G,J
2apo,A,A
2ey4,A,A
4aur,A,A
6pfx,A,B
4yj0,A,B
5i8j,A,B
5hy3,B,A
3w1o,A,B
1wt6,A,B
4y7j,A,A
4la2,A,B
7k17,B,B
5w1r,A,A
7k19,A,A
6zfp,A,A
4tps,B,A
4zc0,A,B
2zc2,A,B
5vaz,A,B
5guj,A,A
5w33,A,A
1eqn,C,A
4ehs,A,B
1t3w,A,B
3hho,A,A
3ucs,C,A
6zhe,A,C
5y3r,C,A
3glf,E,J
1dml,B,A
3ikm,A,A
4ztu,A,C
5n2e,A,A
5i3e,A,B
6ejt,A,B
4ou6,A,B
1t06,A,B
5llq,A,B
4wx9,A,A
1mgt,A,A
4mn4,A,A
4url,A,B
6gau,A,A
6zt5,C,A
6gav,A,A
4tma,B,B
1em8,B,A
1b04,A,B
4glx,A,A
2owo,A,A
6bkf,A,A
6bkg,A,A
1a0i,A,A
6gdr,A,A
5tt5,A,A
5lod,A,B
5wy1,A,A
3pt6,A,A
3me5,A,A
5akc,H,K
3txq,A,C
6ey7,A,B
6m5r,A,A
6m5u,A,C
6m5s,A,B
4mlp,A,B
1iqr,A,A
4u8h,A,B
3f2b,A,A
5fku,A,A
5fkv,A,A
5fkw,A,D
5agv,A,B
4mjp,A,B
1unn,A,C
1jqj,A,C
6e8d,A,A
5lew,A,A
5m1s,F,D
5dkt,A,A
4xvi,A,A
1skr,A,A
4n56,A,A
3cym,A,A
5n2g,A,A
5exr,C,B
6p1h,A,A
1xhx,A,B
2ex3,A,B
6v93,A,F
4bjd,A,A
4xq8,A,B
4lvs,A,A
4lzd,A,A
5ddy,A,C
3k75,D,B
6s1n,B,D
6hv8,B,A
4y97,A,A
7d7d,G,K
5of3,B,A
4rr2,A,B
4ljk,A,C
3maj,A,A
3uqz,A,A
4qiw,P,D
6eu0,L,Z
5gwi,A,A
4lrv,A,E
4l5b,A,B
6zkt,k,w
6zku,k,N
6zkv,k,x
6z2j,A,B
6z2k,A,F
3l4c,A,B
7dpa,A,A
2jnk,A,A
1pzr,A,B
3a98,A,B
6r1e,A,B
2nyh,A,B
6y4r,A,B
5tuv,A,D
5tuu,A,B
2aze,A,C
3njf,A,C
5ntb,A,B
4l48,A,A
6lth,R,O
4kyw,A,A
6eoo,A,A
5vta,A,A
6x6a,A,B
4riq,A,B
5z5k,B,A
6fkq,B,A
2bap,C,A
2f31,B,A
6wnl,A,B
1jx7,A,B
2d1p,A,C
2qs7,A,A
4p63,A,B
4mcu,A,B
2hi7,A,B
5nhi,A,B
1jzd,C,A
1vrs,A,D
4ml1,A,B
6iqo,A,B
4xbm,A,A
6wc4,C,A
5xw4,A,A
3awg,A,A
3htx,A,A
2a5w,A,B
2v4j,C,A
1ucr,A,B
3t5v,C,A
1zv1,A,B
6y2x,B,B
6y22,A,A
5buv,A,C
1c0w,B,B
1bi2,A,A
2imh,A,B
6un9,A,B
2o3l,A,B
6wb9,4,1
7ado,D,C
6qp4,A,B
3npp,A,B
4yhu,A,B
6ah0,J,J
3clq,A,B
4zsv,A,B
2o2a,A,B
6ird,B,C
4gnk,E,E
4an4,A,C
2p3y,A,A
2o8s,A,B
6ka4,A,B
4tvq,A,A
2o35,A,B
2pbz,A,A
2ijr,A,A
5c0m,A,B
2fiu,A,B
6w1k,A,B
4k05,A,B
2imj,A,B
3mep,B,C
6exp,A,B
3on9,A,B
2jpq,A,B
4gio,A,B
2okq,A,B
2p1g,A,B
7b0o,A,B
3ctw,B,D
3iuu,A,A
4goq,A,B
2gbo,A,B
6q2z,A,B
5gl6,A,A
7cue,E,A
4mdw,A,A
2qsd,A,B
2ba2,A,B
2g0t,A,B
2obn,A,A
4qpv,A,B
4dlh,A,B
2ohw,A,B
2hiy,A,C
4n6c,A,B
6u5u,G,G
3oh8,A,A
3n91,A,A
3u02,A,B
6gup,A,B
7me6,A,B
2ffg,A,B
2im8,A,B
2it9,A,B
2q22,A,B
2qzi,A,B
3bh1,A,B
6q4w,A,B
1zee,A,B
1nei,A,B
7b5j,A,B
3r2x,C,A
1ryl,A,B
1sed,A,B
6wxw,A,B
1kjn,A,B
4ozu,A,A
2dcl,A,B
4m1a,A,B
4pmn,A,B
1xcr,A,B
2g6t,A,B
3m7a,A,B
1oae,A,B
1wws,A,B
1i36,A,B
1q7h,A,A
3lh2,T,U
1v8c,A,A
1tvf,A,B
5tw4,A,A
1nxh,A,B
1oq1,A,B
1udx,A,A
6q5u,N,H
1w8x,P,M
3bb6,A,C
3m70,A,A
3di4,A,B
2oqm,A,B
3mlg,A,A
2i8g,A,B
2guk,A,B
6f03,A,B
5x6b,E,F
3wkr,C,A
2raq,A,B
3d4r,A,B
6zvz,A,B
6zw0,A,C
2r47,A,B
4qrk,A,A
6teh,C,A
3hlu,A,B
3q4n,A,B
4bwd,A,B
3fid,A,B
6tvh,A,B
6x0l,O,P
4o5p,A,A
3ush,A,B
4psn,A,B
5zdc,C,J
2f4i,A,B
3cxj,A,B
6cfx,A,B
6sjl,A,B
6sk0,A,A
6em5,z,B
4pfz,A,A
2aua,A,B
3k8r,A,B
1zke,A,B
6teb,C,A
4n7r,C,A
6m09,A,A
5bnc,A,A
3m92,A,B
3q6c,C,F
3njc,A,B
2i76,A,B
3d1l,A,A
3jx9,A,B
3kby,A,B
5jff,B,A
2ekd,A,B
2l01,A,B
2nwa,A,B
5yo8,A,B
6jiv,A,C
3v68,A,A
3nj2,A,B
2mhg,A,B
2w56,A,B
4opw,A,B
5odk,A,B
2pyq,A,B
2mpn,A,B
3d19,A,A
4kq7,A,B
3nat,A,B
1j3m,A,B
2psb,A,A
5fej,A,A
6iy0,A,B
2cxd,A,B
2lyy,A,B
5a20,G,E
3ueb,A,B
1rki,A,B
2ebe,A,B
2ehw,A,B
2euc,A,B
6jwp,D,C
4xpm,B,C
2hjm,A,B
2hql,A,E
2igs,A,D
2js3,A,B
2ooj,A,B
6bjt,A,B
2p62,A,B
2pd0,A,B
2rbd,A,B
2rdc,A,B
2z0r,A,B
6jjt,A,C
3c5p,A,B
3c8i,A,B
3d0w,A,B
3d33,A,B
2e12,A,B
2e6x,A,B
4c47,A,B
2p3p,A,B
3vb8,A,B
5fig,A,A
3n8b,A,B
5jen,A,C
3cyg,A,A
5k1a,B,H
7ay1,E,A
5k1b,B,B
6iqr,A,B
5wql,C,C
6iqq,C,C
5tbf,A,B
3ol3,A,B
4nd8,B,A
6wby,A,A
5hiu,A,B
5fvm,A,A
7drg,A,B
7k36,I,I
7kb3,A,B
4npa,A,D
6gfl,A,A
6v8q,A,A
6zww,A,A
5id8,A,A
4qxf,B,C
4j4l,A,C
4k5u,A,D
4elj,A,A
7aah,A,B
4pu2,A,A
4pvb,A,A
4pw4,A,A
1b0v,A,B
5fd1,A,A
4qhw,A,A
5jxc,A,B
3fjv,A,B
6g7e,B,B
4p1n,A,B
4fzo,A,B
4oy2,A,E
4rgw,A,B
6mzl,A,A
5yvf,A,B
6et9,E,J
5m3k,B,B
3fgg,A,B
3g1j,A,B
2h1q,A,B
3l5o,A,A
2ddz,A,B
6oad,A,D
6cxd,A,A
4u8f,A,B
4u8e,A,A
7bm2,A,B
6tl1,A,B
5xs4,A,A
3hlz,A,B
3nqn,A,B
5ona,A,B
7onb,I,M
4yok,A,A
4hz9,B,C
6hb1,A,A
3kop,A,B
4r8o,A,B
3e0z,A,B
3gf6,A,B
3iuw,A,B
2hr2,A,B
3kd4,A,B
3n6y,A,B
4tsd,A,B
3cjl,A,B
3lm3,A,A
4ktw,A,B
6juf,A,B
4s1a,A,B
4n0r,A,A
5fqe,A,A
6tgj,A,B
6tpq,A,W
6wje,B,C
5g4a,A,B
6sxj,A,A
4l8n,A,A
1x3l,A,A
4o8u,A,B
4xjy,A,B
4zhy,A,B
2mhe,A,B
3fbq,A,A
3c6f,A,B
2qya,A,B
4oi3,A,B
3fyf,A,B
4mer,A,B
4mve,A,B
3sbu,A,B
3cfu,A,B
4r4g,A,A
3nrf,A,B
1v8d,A,B
3sot,A,B
4qni,A,A
3wur,A,B
5gkx,A,A
4fm3,A,B
6u4b,A,A
3uc2,A,B
3ty1,A,B
4h41,A,A
2qdr,A,B
3dcl,A,B
2ib0,A,B
4ovm,A,B
1sh8,A,B
2ox6,A,B
4e0e,A,B
4ecn,A,A
4ei0,A,B
4ebg,A,B
4e6f,A,B
4fmr,A,C
2iml,A,B
3bu2,A,B
4gzv,A,B
5gng,A,B
4ghb,A,B
6gwj,D,B
4h3w,A,B
6nz4,A,B
4iaj,A,B
4id2,A,B
3dup,A,B
4q53,A,B
4m8r,A,B
4kh9,A,B
5u8j,A,B
4nw4,A,A
4o2t,A,B
3e98,A,B
3oqq,A,A
4l3r,A,B
4jg9,A,B
4lg3,A,C
3k7c,A,B
5cam,A,B
3ecf,A,B
4ktb,A,B
1z84,A,B
1m2z,B,A
4ak1,A,A
6lja,A,A
2fuq,A,B
4m0h,A,A
6r3r,A,A
4miv,B,G
1ihn,A,B
5uj6,A,B
5t9a,A,C
6mvf,A,C
6d50,A,A
5opj,A,A
5olr,A,B
6s20,C,C
3i10,A,A
5fq3,A,B
5fq8,G,G
7jrl,A,A
4gl6,A,B
4qe0,A,B
3nrh,A,B
4guc,A,B
4hg1,A,B
3qfg,A,B
4eae,A,B
3omd,A,B
3ut4,A,B
4acv,A,B
3ic3,A,D
7ref,A,B
2xu8,A,B
6h3j,C,A
4yod,A,A
5cd6,A,B
4xpo,A,A
4fe9,A,A
1in0,A,B
1tza,A,B
6z9c,A,A
5h1s,h,S
5mlc,8,T
3nrl,A,B
3q9d,A,B
4lid,A,B
3r3p,A,B
2gu3,A,A
4q6u,A,A
5td8,A,A
5tcs,A,B
2ve7,A,C
5jaw,C,D
5mtv,A,A
4q9u,A,A
5x0b,A,A
7c9n,A,B
5kch,A,A
2x4j,A,A
3sjr,A,B
4rxi,A,B
3mfn,A,B
4v1l,A,B
3m6j,A,B
3nkg,A,B
4k15,A,B
5t2x,A,B
5imu,A,A
1ylx,A,B
4rd8,A,B
1sqh,A,A
1wmi,B,A
2dbs,A,B
5opq,A,B
2rbg,A,B
4cso,A,B
4bih,C,D
5tta,A,B
6pgm,A,B
6xb4,A,B
6k9c,A,B
2hjh,A,B
4iao,A,A
6c0g,A,B
3b2m,A,B
4s3l,A,A
2xic,B,A
5u5o,A,A
2ia1,A,B
6ubl,A,B
5bvu,A,A
7bl5,8,7
5wk1,A,B
6kko,A,B
3by7,A,B
6ibh,A,B
6p7p,A,C
6lvb,A,C
2ha9,A,B
7oqz,A,B
1ztv,A,B
6tri,B,A
4q9v,A,B
3wvz,A,B
6p66,B,A
4hrv,A,B
3zwu,A,B
4d2i,A,B
3gmg,A,B
3iuk,A,B
2gs4,A,B
3bhp,A,B
5cai,A,B
2nn4,A,B
7jq9,A,A
7mop,A,A
3fle,A,B
2o3i,A,B
2i6h,A,B
5dgk,A,B
2r41,A,B
2qh9,A,B
4nuu,A,B
2xu0,A,A
7b52,A,A
4yco,A,B
5ok6,A,B
4mel,B,A
5mil,A,B
4ooe,A,B
4oof,A,A
4rcv,A,A
6ouv,A,A
6ouw,A,A
2o1s,A,A
6znm,Y,Y
4uud,B,J
4uuk,B,B
5gnr,A,A
2pg1,K,L
3fm7,C,E
5jpw,A,A
4uzi,A,B
7o4f,A,G
7o4e,A,A
4at7,A,B
2voy,F,A
5mrw,B,A
7op1,A,A
6hra,B,D
1ktj,A,B
1qs0,A,A
5rvw,A,B
6dc6,A,C
4yo2,A,A
1r4m,B,B
2eq9,F,K
2eq7,C,A
2qho,D,F
4ljq,B,C
2ljy,A,B
2b9d,A,B
3e1r,A,B
7okx,O,M
7oky,O,I
4dcz,A,B
5xgb,A,A
2bas,A,A
5i20,A,A
6fc1,B,D
1u5t,A,B
1w7p,A,B
5nv8,A,A
4xa1,A,C
2rji,A,B
4w2o,B,H
4ypi,A,E
6oht,A,B
2d10,E,A
5t7x,A,B
2ivf,C,B
6umm,F,G
6j0p,A,A
6dv2,G,A
3ju1,A,B
1aqi,A,A
3evy,A,B
4xjx,A,A
1na6,A,B
4niy,E,F
4oo1,H,B
5c0x,H,A
1eci,A,B
5bxx,A,B
4nfu,A,B
6i8g,A,A
2n51,A,A
4adn,A,B
2mzw,B,A
2yb5,A,F
6tz6,E,E
5i0i,G,A
7d3f,A,A
5d67,A,B
4i5k,A,B
1eg3,A,A
2jxc,A,B
4y5q,A,A
2ehb,A,D
5gqq,C,A
3mse,B,B
2doq,C,D
3hr4,D,C
2mgu,A,M
5ve9,B,C
6v00,B,L
5j03,B,A
4ygb,B,A
1iwq,A,B
3qrx,A,B
3j41,E,B
1kk8,C,A
4r8g,H,E
3a8r,A,A
6zbi,A,C
2ju0,A,B
5k8q,A,B
4mbe,A,B
2i2r,E,A
4ds7,A,F
3h4s,E,A
1ije,B,A
2gom,A,B
4qjt,y,y
4w22,4,K
3j0e,H,G
1zm2,E,F
5anb,K,J
5mps,C,R
3j38,z,h
3j3a,z,e
3j18,Y,W
1h8b,A,B
5j3b,A,A
6j7m,M,M
7luv,A,C
7aav,r,r
5ksz,A,A
4pc1,C,D
4pc2,C,A
4q7j,A,C
1tpg,A,A
5f84,B,A
5kxh,B,A
1j9c,L,T
1m1x,B,A
7nxd,B,B
6pog,B,B
1n1i,A,A
1yo8,A,A
2rhp,A,A
5b4x,B,B
5ms9,A,A
5ii9,A,C
5iia,A,B
4qla,A,B
6d79,A,B
4ql5,A,B
6ybw,y,p
6ybd,x,y
6ybs,x,n
1iz6,B,C
6sw9,8,7
1g61,A,B
5an9,I,E
7a1g,y,z
5anr,C,B
6o85,L,S
2jgb,B,A
1rf8,B,A
6k1h,B,E
7dyr,B,C
1vrc,A,C
1vsq,A,C
4rp8,A,C
4zds,A,B
5uc0,A,B
5uc2,A,B
2n23,B,A
2l2i,B,A
1kek,A,A
6cio,C,F
1b0p,A,A
6cin,A,B
6ir9,M,e
5b37,A,B
4xgi,A,A
1ljp,A,B
5icn,A,B
6idx,A,A
6y7f,A,B
4hfx,A,D
4a8j,B,A
6ww7,A,G
7kra,A,G
7adp,C,F
5c8j,I,A
7ktx,F,E
3bbd,A,B
5azw,A,B
7a02,A,B
1kg2,A,A
1vrr,A,B
1dc1,A,B
2qnc,A,B
4orj,A,B
1kc6,A,B
1yfi,A,B
1k0z,A,B
1oup,A,B
4xpu,A,B
3fc3,A,A
3gox,A,B
4qh0,A,B
5t3v,A,A
2o3b,A,B
4zg6,B,A
5l0k,B,A
4qgo,A,B
1bnl,B,C
4ary,A,C
4moa,A,A
1i5p,A,A
4qx0,A,A
1v0e,A,B
3gvj,A,A
1v0f,A,A
5g2o,A,A
5jai,A,A
4mks,A,A
1iyx,A,A
2opj,A,A
2bl8,A,B
2b20,A,A
1lt3,A,D
1tii,A,G
2v8s,E,V
4w4u,B,C
4wa6,B,A
4mzv,A,A
6e7o,A,B
5xjo,E,A
4pdo,A,A
6thg,C,D
4l0p,B,A
4uf7,C,A
7b7n,E,L
4lk3,A,A
4zht,A,B
5j9q,C,D
5j9t,C,A
5j9u,C,A
4pdn,A,A
1kf9,B,A
3q8x,A,C
1gvn,A,B
5vm7,B,A
5fgn,A,A
6akj,A,B
6o9m,7,7
5ivw,V,2
5iy6,V,2
5iy7,V,1
4p0p,A,B
4m6w,A,B
6sxa,F,G
3e1y,A,B
5a8l,Q,Q
6ji2,B,B
5hk1,A,B
4quv,A,B
1ef1,C,D
4rm8,A,A
2i1k,A,A
3ahq,A,A
1ovn,A,A
1pzq,A,B
6xcs,A,B
4u8u,b,M
6i6j,A,C
7k7k,a,O
2lnh,C,C
2k42,B,A
6zke,w,Z
6zkf,w,W
6zkg,w,M
4um2,A,A
5x6s,A,B
4l4w,A,B
6uuj,C,D
4kxr,C,B
7koe,A,D
1o94,C,A
1md0,A,A
1k78,F,A
5zu4,A,B
5ysn,A,C
5ysr,A,B
3i71,A,B
4n8f,A,B
2pyt,A,B
6ste,A,B
5j3e,A,B
1jr8,A,B
4p2l,A,A
6tyi,Y,Z
1rh6,A,B
7lw7,A,A
4rl5,A,B
5yfp,G,B
6vkl,H,B
1vp7,A,B
7mr0,C,B
2qxf,A,A
3f93,A,A
5c0w,I,I
1ikp,A,A
6vx4,F,G
1wdu,A,B
5yu6,A,C
3icq,T,B
3fd9,A,B
5wf7,B,B
4w2r,A,F
2e31,A,A
6bva,E,D
2p1m,B,A
6xri,A,F
2g9i,A,B
5uat,B,B
6q63,A,A
7mfk,A,A
7mfl,A,A
4deq,A,A
4qku,A,A
3lzk,A,A
4zjb,A,B
5xm2,A,B
6a2u,A,B
2gl2,A,B
4p96,A,B
1j9z,A,B
4kx6,A,B
1l0v,M,O
6b58,A,B
1pn0,A,A
1f0x,A,A
4pyt,A,A
7a24,z,j
7d3e,A,C
2gpj,A,A
4yhb,A,A
3ad7,A,A
3ad8,A,C
4uze,A,A
1y5y,A,B
6l9f,C,A
5wrr,A,B
4xbr,A,A
4urj,A,B
6tnf,A,A
6vaa,B,A
6vae,B,A
3s4z,B,C
6vad,A,A
4ccg,X,Y
3k1l,A,B
6sri,q,q
1k82,A,C
4nrv,A,A
5itr,B,C
6b0t,A,A
2vkz,A,C
6u5v,B,B
6u5w,B,B
2uva,G,I
5yz0,A,B
6z2w,E,D
5ojs,T,T
5oej,B,B
5flc,B,B
4v0j,A,B
6a1k,A,B
4kxp,A,B
4mjo,A,A
6ayu,A,B
4yld,A,B
4p9f,A,B
4mj7,A,B
5c1f,A,B
6ikn,D,A
5wsx,A,B
1j2x,B,A
6s8s,B,A
2pw9,A,A
2fiy,A,B
6tga,D,A
4mzu,A,E
4p73,A,D
4rfl,A,B
1r94,A,B
5b58,A,T
2ejn,A,B
1zkr,A,A
1ne9,A,A
6e55,A,E
4non,A,B
4q00,A,A
4awx,A,B
5h92,C,A
6yac,N,E
3lb8,C,A
4p6v,F,E
6icm,D,B
6q8o,3,3
6e6q,A,B
4e6k,G,A
1bqx,A,A
4omf,G,B
6qgr,G,B
5ll6,h,h
1kqf,B,B
1q16,B,C
1siw,B,A
1r27,B,B
1kqg,B,C
2vpw,B,C
5vsl,A,B
5wgg,A,A
5th5,A,B
5d08,A,A
6cip,A,A
6s6s,E,B
6s6t,F,C
6k61,C,D
3te3,A,B
1kf6,B,D
5odi,A,D
6ba6,A,B
4z32,C,D
4po6,A,A
5ixd,A,A
4ny0,A,A
1mix,A,A
3au4,A,A
3hl1,A,B
4mk4,A,B
6tc0,B,E
7c2b,B,A
6qx6,A,B
2n0s,A,B
4r0v,A,A
4fqg,A,A
4mmx,A,A
4mmy,A,B
4tqj,A,A
2odf,A,D
5azi,A,B
5azj,A,A
2aff,A,B
5djo,A,A
5e50,A,B
6ai0,A,B
6ch3,A,B
6ch2,A,D
6wa9,A,R
5jm8,A,E
3id5,B,F
5gin,E,B
6nd4,c,a
4nyt,A,B
4ncv,A,B
1lt9,A,B
3eqx,A,A
2vza,D,A
3k33,A,B
5eu0,A,B
4yv3,A,B
2mtp,A,B
6fpt,A,A
5kem,A,F
1oio,A,B
4xoa,A,C
4xo9,A,A
7lhg,K,C
7lhh,K,G
6e14,H,D
3tdq,A,B
6kmf,B,C
4jrf,A,A
6jzk,A,A
7k95,B,C
3uux,A,B
6gv5,A,A
3prb,A,B
7dek,A,A
6x34,A,B
6i1s,B,A
4it6,A,B
5az4,A,D
6jsx,A,B
5xlk,B,C
5h5t,A,E
5h5v,B,B
4cfi,A,A
4mn8,C,B
4l82,A,B
5ow2,A,B
4ojq,A,B
5fps,A,A
5mz4,A,A
5wsn,A,B
5u4w,A,B
4o6b,A,A
5lc0,A,B
4mtp,D,D
4v0q,A,A
4v0r,A,A
6ux2,B,A
5ccv,C,F
6j79,A,A
4m0c,A,B
3edo,A,B
4n82,A,B
4wxm,A,B
5a2t,A,I
7bhq,A,B
4zzk,A,D
6iee,A,B
7cbl,A,B
7clr,a,A
1rp3,B,A
5b3d,A,B
3w1e,A,A
6jzr,A,F
5jxl,A,A
2y5p,A,B
2avu,E,F
1g8e,A,B
1qc7,A,B
3ajc,A,A
3hjl,A,A
4qrm,B,A
5b0o,E,I
6ahp,A,B
5x0z,E,A
4tt9,A,B
6lea,A,C
1m6x,A,D
1p4e,A,A
7nbi,A,B
6pvr,A,B
5dil,A,B
6z5l,A,A
6bkk,A,B
4x9a,A,A
4opa,A,B
6ox7,A,C
1pd3,A,B
4nfz,A,B
4wrt,A,B
6xzq,D,G
5ubu,A,A
2glz,A,B
3o6u,A,B
2ol5,A,B
4la4,A,B
5gsn,A,A
6cn0,A,B
5xts,A,A
4nkq,A,C
2ibg,A,E
6nmy,B,J
6dg5,C,C
7ne1,B,A
6wk5,C,B
5fjj,A,C
4zo6,A,A
7edd,A,A
4nn5,B,B
3di2,B,A
4nn6,B,A
6nyr,A,A
6ulg,N,N
6nzd,I,I
1o9a,B,A
4xev,A,D
6bz3,A,B
2l6f,A,A
7b6r,B,J
2fok,A,B
1fok,A,A
4lrh,A,B
5f4e,B,A
5jkc,B,A
5far,A,B
1nub,A,A
5jhw,C,C
2d68,A,B
4wk8,F,G
2as5,F,N
4nv1,A,A
6vqq,A,B
2lqh,B,A
2lqi,B,A
5aym,A,A
6wbv,A,B
4on1,A,B
5zcs,A,E
5dqr,A,E
5ch6,A,B
5tz0,A,B
5no5,A,B
6oid,A,B
1ycd,A,B
1qd1,A,B
2pfd,A,A
1o5h,A,B
5a4j,A,B
4qho,A,A
3nqy,A,A
4k90,B,A
3nqz,A,B
1m5h,A,B
1m5s,A,A
6s6y,D,C
3wqt,A,B
1e4f,T,T
4v0b,A,B
4atn,A,A
6t8b,A,B
6t8g,A,A
2ve8,A,D
5dcf,A,A
6h9n,A,A
6bar,A,A
6pl5,A,B
5lil,A,A
4n8n,A,B
5mn7,A,B
4u39,A,J
1ofu,A,X
6k1f,A,A
6k1g,A,A
2nzw,A,B
5zoi,A,A
1j3u,A,A
4m7y,A,B
5l2r,A,B
6msn,A,A
4uou,A,C
4n9n,A,B
4lmy,A,B
4ufs,B,C
6vld,A,H
5ldd,A,B
1osy,A,B
2wzo,A,A
1joc,A,B
1dvp,A,A
1zbd,B,A
6c0b,B,A
6ahy,A,B
4to8,A,B
6v85,A,A
5do9,C,E
1kjy,A,B
7jsn,E,C
2bcj,Q,A
1shz,A,C
6tyl,B,A
7ad3,E,A
7bb7,F,G
6sh6,B,A
6rmc,C,D
5mq0,L,A
5wsg,T,R
4lad,B,A
1gl4,A,B
5xj8,A,B
1vkf,A,B
3tiq,A,B
4wve,A,A
5e27,A,A
6r0x,E,F
4lgv,A,B
5aq1,A,A
2j5y,A,B
4o01,A,B
3ibj,B,B
4o0p,A,A
6mzb,A,B
4our,A,A
3eea,B,A
6oei,A,A
4etx,A,A
5c9d,A,B
1mn8,A,B
4zv5,A,B
1hek,A,B
2gol,A,B
4ph0,C,C
6gza,A,B
5m1g,A,B
4dlo,A,A
5kvm,A,C
4lbq,A,B
3coq,A,B
6wmm,A,B
1smz,A,A
3ecq,A,B
5a55,A,A
6gr2,A,G
6q3w,A,A
6q3x,A,A
5in3,A,B
6gqd,A,A
5h4s,A,A
5ftt,C,C
5kzw,A,A
5kzx,A,A
5a56,A,A
2uuz,A,B
4uj0,A,B
3a9l,A,B
2v3m,A,D
6xz6,A,C
1vkz,A,B
5vev,A,A
7lvo,A,A
5e5t,A,C
5b5r,A,A
6n9n,A,A
1wr6,A,B
1x79,A,B
4hc7,A,B
2vus,I,A
4wio,A,A
1jvn,A,A
2gk3,A,B
6s6u,A,D
5n9m,A,B
6fqb,E,A
4zfj,A,B
4zfk,A,B
6czf,A,B
1jxa,B,C
4pb1,A,A
4pb2,A,A
2fiq,A,B
6npb,A,B
6b9d,A,B
5vgr,A,A
2xwx,A,A
6tzl,A,B
5ccb,B,B
5ccx,B,A
3lga,A,A
5k95,A,B
2qv6,A,B
5a6a,B,B
6l80,A,B
6m33,A,B
4mwa,A,B
7anz,C,D
5flz,A,A
5yiv,B,C
6gmo,A,B
5gw9,A,B
3aaq,A,A
5d06,A,A
5d0f,A,A
1ltx,R,R
1ukv,G,Y
6u7l,A,A
4whj,A,B
1y96,A,C
7bbl,A,B
1t6f,A,B
6f2s,A,B
5cnq,A,A
6o59,A,B
4o8w,A,B
6ugl,A,A
5j7r,A,D
5bw8,C,D
2lnz,A,B
3fac,A,C
3lcn,C,A
4l8v,A,A
4xl5,A,C
4xvp,A,D
6wvd,A,A
7cd7,B,A
7bwn,A,D
6lnp,B,B
6wve,A,A
6wvg,A,A
6zui,A,A
6wv6,A,A
3vht,B,B
4z4k,A,A
1is7,K,L
1is8,K,A
5by3,A,A
4le3,A,B
4l39,A,B
5ech,A,B
5ho0,A,A
5e1q,A,A
5hq4,A,A
6ik5,A,A
4p7o,A,B
4f9d,A,A
5gmd,A,A
2cul,A,A
2zxh,A,A
3g88,A,B
6ar1,A,A
6nwx,A,B
5n7y,A,C
6iuh,A,B
2w6a,A,B
1ln0,A,B
4xlg,A,B
4r0y,A,B
5izu,B,A
5x32,A,B
6ey5,A,B
6ey0,C,D
6b4f,A,B
5a3l,A,C
4mo2,A,B
4fix,A,A
4fiy,A,A
4lnf,A,B
3o6x,A,A
4lni,A,A
4hpp,A,A
3fky,I,K
3k7d,A,B
1v4a,A,A
5ee4,C,A
4wjg,A,D
2g2q,A,B
4nt1,A,B
1lf6,A,A
5brd,A,B
4r7t,A,B
5dn5,A,B
4q2w,A,A
6xjb,A,A
7c13,B,A
4kx4,A,A
5che,A,B
5yjl,A,A
2faw,A,B
4qt9,A,B
4qlb,A,B
5oar,A,B
2h1t,A,B
5eh4,A,B
2xq2,A,A
5cxf,A,B
6bli,C,F
6vn1,A,B
4l1r,A,A
5n7z,A,A
3d1j,A,A
4rbn,A,A
5mlz,A,A
4x46,A,B
4lhm,A,A
6bw5,A,B
5ckr,A,A
2xci,A,C
4m0r,A,A
5xc2,C,D
5t4a,A,A
4pbg,A,B
5goo,A,C
5mqm,A,A
6v3z,A,B
6v40,A,A
1t6g,C,A
2b42,B,A
2aam,A,B
4npr,A,B
2p0v,A,B
4udg,A,B
4pq9,A,B
1umz,A,A
1aq0,A,B
4mck,A,A
4uoj,A,A
4ur9,A,A
4krt,B,A
4mxn,A,C
6ddt,A,A
5lvx,A,B
5ngk,A,A
5f0e,A,B
6j0t,A,B
2xqr,A,B
7kdv,A,B
4zle,A,A
2xn1,B,D
6jhp,A,B
6phu,A,A
4mj2,A,B
5c3m,A,A
4oif,A,A
4ojy,A,A
5h4u,A,C
4olt,A,B
1kkt,A,B
5bv9,A,A
3wwg,A,B
1ogm,X,X
4rhh,A,B
6gp5,A,B
2j88,A,H
4ufh,A,A
5n8k,A,D
5nxb,A,D
5jx5,A,D
5b6s,A,B
5mhf,A,D
4j5t,A,A
5h9x,A,A
6w0p,A,A
4ktr,F,G
5axg,A,B
1k9d,A,A
1k9e,A,A
6pwq,A,B
4xnn,A,B
5oa2,A,C
5fih,A,A
4mu9,A,B
4s3p,A,B
4q2b,A,B
5b4s,A,B
2vtf,A,B
4q88,A,B
5swi,A,D
6dwo,A,A
2wmf,A,A
6zdf,A,B
6uax,A,B
6iuj,A,A
7kmq,A,B
5a6b,A,A
5a07,A,B
5zic,A,B
5dxf,A,B
6ts2,A,C
5mu1,A,A
5gl5,A,B
5xvm,A,A
4mps,A,B
6bsu,A,B
4xi9,A,B
1kws,A,B
5cqo,A,A
1omx,A,B
6fwu,A,B
4l41,C,C
4rap,A,B
4n9w,A,A
6kih,A,A
1nlm,A,A
4wyi,A,A
5wb4,A,E
3m1c,B,B
5ec3,A,A
3pkv,A,A
4nvs,A,B
1xrk,A,B
3l7i,A,B
4ywt,A,A
1to6,A,B
4mtj,A,A
4mix,A,B
5h35,C,C
4rey,B,A
4rs1,A,B
2zpa,A,A
4mfj,A,A
4i9f,A,A
4xo2,A,B
7b5t,A,B
4u0v,A,A
7nhr,A,H
7nhs,A,A
5c86,A,A
4unm,A,A
5lz3,A,A
6hln,A,B
4wx8,E,B
1el6,A,B
4tvp,G,B
6r3a,A,B
5vf3,A,B
2a1k,A,B
2gjv,A,B
4a0t,A,B
3p9a,A,B
6af3,A,B
4ku0,A,A
1k28,A,D
1wth,A,D
1tx9,A,B
4lta,A,B
2zih,A,B
4tu3,A,X
5ys3,A,B
6gj1,D,A
4lsm,A,B
5gnh,A,A
3pg2,A,B
3hr6,A,A
2x9w,A,A
4p0d,A,A
5b3g,A,B
5b3h,B,C
2etn,B,C
4wqt,X,X
6ri7,F,D
2pn0,A,A
3aoh,X,D
6zkh,q,m
6rfq,W,6
3uv1,A,B
1dkg,A,B
5min,A,A
5wek,A,A
1glv,A,A
2f8a,A,B
5oes,A,B
5oy4,X,A
2qv8,A,B
5hl8,A,B
4mpg,A,B
4l8e,A,A
4nhw,A,A
5y6l,B,A
5a1n,A,B
4mp4,A,C
4ags,A,B
6wuh,A,A
6wul,D,F
6wmr,S,Z
6wuj,A,B
5v4a,A,B
3kxk,A,B
5ady,6,6
1cf4,B,A
7eev,A,B
4n3n,A,A
4zv4,A,C
1zun,B,A
2h5e,A,A
5anc,K,C
6jt0,A,A
4qrh,C,D
5b64,A,B
1vyu,A,B
4ykb,A,B
4xkb,A,A
6l5d,A,B
1m9s,A,A
4lhs,A,A
3sgg,A,A
5kax,A,B
1d5y,A,A
4ott,A,B
2l5g,A,B
3a5p,A,B
1j97,A,B
1e0f,I,D
1js8,A,B
1lnl,A,A
4wwj,A,B
3bjd,A,A
1qh3,A,B
7c4o,A,B
1b78,A,B
7a0m,A,B
5jef,A,B
3zrw,B,C
2nog,A,B
5fxu,A,B
6y5f,A,B
5e04,A,B
5mf1,A,B
2jdj,A,B
6xy4,B,A
4nc7,A,B
4o66,A,B
4xzd,A,D
4nh7,A,B
6swj,A,A
1mu5,A,A
1mx0,A,A
4r39,A,B
4r3a,A,A
1l0o,A,C
3ke6,A,A
6m36,A,B
5ix1,A,A
5akb,C,B
5akd,C,A
5ix2,A,A
6o22,C,A
4qpg,A,B
6tun,A,D
2yfa,A,B
4nkp,A,B
5cvw,A,A
5d5p,A,B
5d4t,A,B
3wva,A,B
4yzf,A,A
1n64,P,H
4uoi,A,B
2hd0,A,B
1zh1,A,B
3fqm,A,A
4x9e,A,A
4lrl,A,A
3wfp,A,A
3wfo,A,A
6brg,A,A
2h8n,A,B
1pya,A,B
4xvv,A,B
1vqr,A,B
6xgq,a,C
1a92,A,C
4l1j,A,B
4yf1,A,B
5xnx,A,A
6qwp,A,B
5gai,0,Y
1gcj,A,B
6xu2,A,A
4jw3,C,A
6xte,A,A
2pf4,A,E
5l4k,N,S
6iur,B,H
1f59,A,B
2h4m,A,C
2ot8,A,C
2p8q,A,B
5ky0,B,A
2ygq,A,A
4xqk,A,A
5nt7,B,A
4s20,K,K
4q48,A,B
2yjt,D,A
4ys0,A,A
3din,A,A
6f4a,B,B
6o8e,A,A
4i1s,A,B
6ro4,B,G
5m52,A,B
6su3,A,X
7lcc,A,A
2wvo,A,B
4ci8,A,A
1jr2,A,B
5e5w,A,C
5e62,A,B
5fnn,A,B
5fnp,A,A
3gwj,A,E
4l37,A,A
4yzw,A,A
6z7p,A,A
4ll2,A,A
1su3,A,A
1gxd,A,C
4ynx,A,B
4mf9,A,A
4dqz,A,A
4drf,B,A
4e6n,B,A
4ojz,A,B
4mmh,A,A
5d7y,A,A
4nqf,A,B
5h9d,C,A
3t2n,A,B
5yep,B,C
5yx5,A,B
2h3r,A,B
6ppb,0,1
2z0l,A,B
6xf9,A,A
4xhj,A,A
5mhj,A,B
4wic,A,B
5wx8,A,B
6ppd,4,A
6m6g,I,k
6m6h,A,H
7et3,C,1
6m6i,A,L
6odm,S,6
6pph,4,5
7byf,C,C
5ixa,A,B
5b1q,A,B
2j7q,A,C
4oql,A,A
4z3u,A,B
6lqo,H,I
4xi5,B,D
4k70,A,B
6t5a,A,E
6od7,A,A
4yxp,A,B
2kj3,A,B
4ynl,A,B
4yrv,A,A
4mfg,A,B
4n69,A,A
4ihh,E,C
5b04,I,I
4hzc,B,H
6ag8,A,A
1kgq,A,A
2gd7,A,B
4lc9,B,B
4l3q,A,A
4j7g,A,A
4wiq,A,A
4nzj,A,A
4mmk,A,B
3if4,A,B
3o3m,A,B
3zds,A,G
1ey2,A,A
6aa0,A,C
4ncx,A,B
4phc,A,B
4otm,A,B
4o6o,A,D
3vdp,A,D
4yoq,A,A
5an4,A,A
2oce,A,A
3bzc,A,A
6ib8,C,A
7oa5,A,B
1ixr,A,A
6gmh,M,M
3psf,A,A
3psi,A,A
2kt5,B,A
6d4j,C,A
4cnj,A,C
1s7m,C,D
3emf,A,A
4p78,C,B
4mcx,B,F
6kml,A,B
5y0n,A,B
3gmi,A,A
4l5t,A,B
4pyu,C,A
4j8c,A,B
5yje,A,B
4s0n,A,C
1ihs,I,H
4yb5,A,C
4yb6,A,A
3d36,A,C
5iuj,A,B
1yku,A,B
4zr7,A,B
1k75,A,B
6x59,G,K
6uh5,G,M
7at8,D,A
4zux,C,W
3nqu,A,B
5chl,B,A
4r8p,C,L
7jzv,P,B
7ao8,B,C
1qft,A,B
6yj6,C,C
5cdh,A,A
4njx,A,C
1ipi,A,B
5cga,A,B
3nl2,A,A
5gnj,A,B
5i4z,A,A
4whn,A,C
4pho,A,B
1jk9,B,C
4yt2,A,B
5wpj,A,B
6cg0,N,N
6ht5,D,E
4yxq,A,D
6ewm,A,F
3q3e,A,A
3alw,A,A
5zmm,A,B
6yex,A,B
6ghs,A,A
1u3e,M,M
6o56,A,B
2qgp,A,C
4u99,A,B
2uvp,A,B
5x0w,A,C
6fqq,B,D
4egc,A,A
1mnm,D,A
4s0h,B,A
1jva,A,B
5j8e,A,B
4rsw,A,B
2qhq,A,B
1go4,A,G
2h4b,C,D
1jk6,A,C
4rwv,A,B
5a86,A,C
4nqa,H,I
2pt7,G,B
4oo2,A,B
6b1b,A,A
4l7z,A,B
2yaj,B,A
4m5n,A,B
1kkl,A,B
1knx,A,A
4fmt,A,D
1cxz,B,A
1stz,A,C
3rby,A,B
4nrh,A,B
5c9e,A,A
4xuu,A,B
5csd,A,D
3ci9,A,B
5d8l,B,D
1vq0,A,B
3qml,A,C
2phe,C,A
6js9,A,B
2oyy,A,B
2esn,A,D
1iz1,P,Q
4r6i,A,A
5c0t,A,B
5c0u,A,A
6ama,A,B
4fe4,C,C
3lis,A,B
5duk,A,B
2cfx,A,B
5f7q,C,C
2wus,R,A
6b9r,A,D
4rsb,A,E
6zvi,T,T
3bdn,A,B
3u3w,A,B
1b0n,A,B
3onq,A,C
3pxp,A,A
6lty,A,B
2w48,A,D
2lvs,A,A
3ke2,A,B
4hw0,A,B
4r79,A,B
4omy,B,D
3c18,A,B
5ubd,A,B
5vfx,A,B
2o3f,A,B
2r0q,C,F
5cy2,A,A
5ds9,A,B
6eu1,O,Q
5fj8,O,O
2ivm,A,B
5h1a,A,B
5whm,C,D
5way,A,A
6sj9,A,A
6sdk,A,B
5ed8,A,A
2ao9,A,G
6mtg,A,B
4zbj,D,B
3vyr,A,B
3sb1,A,B
6j8y,B,C
3a1j,B,A
5fcc,A,B
4ok9,A,B
4p5n,A,B
6swc,C,B
6swd,C,F
6tmf,W,J
6pfq,A,B
7liv,D,A
5epv,A,B
5hs7,A,B
2es7,A,D
6wv2,A,B
6bq1,C,B
5ttx,A,B
3c0b,A,C
5m45,B,B
5svb,B,B
5kh0,A,B
5lad,A,A
6iuy,A,A
4fet,A,B
3gyg,B,C
6nq4,A,B
1r2m,A,B
3a43,A,B
5aun,A,B
5x4a,A,B
5gpj,A,B
4cak,B,A
4mmz,B,B
4yfd,A,B
1www,X,V
6i0y,z,h
4edq,A,A
1ya5,A,T
3dtd,A,F
1pp8,P,V
3zjy,B,E
1q88,A,B
4zyn,A,A
5c1z,A,A
1mq8,A,C
4dx8,A,B
4jif,A,B
4nu3,A,B
1igw,A,A
6hs7,A,a
6ixh,P,Q
4y7o,A,C
5v7p,A,D
3do9,A,A
1itw,A,D
4pk5,A,B
4ldq,A,B
5lmn,X,W
6nf8,z,K
6e3k,A,B
6e3l,A,C
3pnt,B,D
4kt6,B,A
1olz,A,A
7kfk,A,C
1wqj,B,I
2qwu,A,B
4qnk,A,B
5k7j,A,B
1pii,A,A
4ra0,C,B
3d5o,F,A
1jbj,A,A
5fph,A,B
4lv5,B,A
5ebz,A,B
3brt,A,B
4r6u,D,A
3f62,B,A
1f45,B,A
5e4e,A,C
3bpo,A,B
7cjn,B,D
4gs7,A,B
4qhu,C,D
5nan,A,B
3jvf,A,C
6hg4,A,B
1m4r,A,B
3hhc,A,B
5vi4,A,B
4dkd,A,C
3b5k,A,B
1p9m,A,A
1pvh,A,B
1ml0,D,A
4zk9,B,A
4y6t,A,D
2yop,A,B
4xdy,A,B
4tsk,A,A
5j83,A,B
4nqi,A,B
7oi8,g,o
1vw4,7,J
5ffp,A,B
4qlp,A,B
5lg9,A,A
7jtv,A,A
5kdv,A,A
4mjm,A,B
4uqx,A,A
2x19,B,A
2ntk,A,B
1jih,A,B
1im4,A,A
5tgh,B,F
5eyk,C,B
6yie,C,B
1vkm,A,B
5j9w,D,B
1smp,I,A
1jiw,I,P
1no1,A,B
5z5o,A,B
3so0,A,C
5swk,C,D
3h6s,G,H
5l6n,I,H
1zlh,B,A
1pvj,A,B
1dki,A,A
3pnr,B,A
3w0d,A,B
4ne9,C,A
5h1q,A,B
1gr0,A,A
2odt,X,X
5gug,A,B
4l4h,A,A
7lhe,A,D
5a7d,L,R
3ro3,B,A
6m49,A,A
7etw,A,B
4q5z,a,A
4lv7,A,B
4ztf,A,A
3f9k,B,K
5cz2,G,B
6msl,B,C
5ffo,B,D
4o1r,A,A
4aw4,B,C
3ncw,B,D
1f02,I,T
5g2x,C,C
6sn1,B,A
7cun,B,B
4owt,A,C
1ry9,A,B
2fm8,A,C
6xfj,A,B
6a90,A,B
6kzo,A,A
5j8v,A,A
6w6o,A,C
4jta,Q,Y
6nt4,A,B
6jp5,A,F
6jp8,A,F
4r7c,A,B
3lyq,A,B
4did,B,A
4o4c,A,B
2o8a,I,A
2qgn,A,A
2ze8,A,C
1uw5,A,B
1z5s,D,B
5us5,A,B
1t2k,A,D
5twv,A,C
5kuk,A,A
5ek5,A,B
5t96,A,B
4lsx,A,C
4lsa,A,A
6rmd,A,D
4l07,A,B
2d1c,A,A
4chm,A,D
4ys8,A,B
4cvh,A,A
1w55,A,A
6tza,A,B
6j6q,H,A
1xs0,A,B
1r0d,A,F
6r9t,A,A
5mpd,V,N
5ln3,U,P
4mq0,A,A
3gku,C,B
3a1z,A,B
4qwn,A,A
3uau,A,B
4lxl,A,A
1vrb,B,C
4lit,A,A
3o65,C,G
4ox0,A,D
6c9d,A,A
5c5e,A,B
1y71,A,B
7ag9,A,B
6r15,B,A
5nbt,A,C
6zpg,A,A
3lm7,A,B
2r8r,A,B
1x8m,A,C
5gqt,A,A
5gq0,A,A
4ls5,A,B
6qsp,B,A
4lij,A,B
5elt,A,B
4jvy,A,A
2xr1,A,A
6gov,A,B
6z9q,A,f
6d6q,G,L
5g06,G,G
4qmf,B,D
6rbd,h,B
5dn8,A,A
1t98,A,B
7nyy,D,B
7nyw,D,E
7nyx,D,C
4ux5,A,B
5d0n,A,A
4llc,A,B
3rbw,B,D
6u4n,A,B
5w3d,B,B
5svh,A,B
1kdx,A,B
7f0k,A,B
4nf9,A,B
1kny,A,B
5ckt,A,B
1igq,A,C
5tbz,K,K
4upx,Z,Z
4uq1,Z,g
3p8b,B,A
1kpt,A,B
5coe,A,A
2fd6,A,U
6og4,A,C
4qck,A,A
3a4l,A,B
5h7v,A,A
1jeq,A,A
6cj6,A,C
1y74,A,B
1rso,B,A
3uit,A,D
1vf6,A,C
6rfs,f,A
3jd5,c,d
6y79,f,A
7oi9,b,h
4wkr,A,A
1m1c,A,B
7ce1,B,G
1rzr,A,D
4xwt,A,A
6l7f,A,B
2p97,A,B
4qrj,A,B
3wfz,A,A
4oaa,A,B
4lox,A,A
1mow,A,A
5a0m,A,B
3hyj,D,D
1mal,A,B
7ne0,A,D
5mc9,A,A
6pnp,A,B
4akm,A,B
5x6v,E,A
5vok,A,C
2a5h,A,B
5dzt,A,A
4wd9,A,B
5ehk,A,B
4tvs,A,B
5j1s,B,A
2v0x,A,B
4u65,A,B
4yns,A,B
6lwz,A,B
2bo9,B,A
5j6r,A,B
4m4d,A,B
1bp1,A,A
4x90,A,B
5b5x,A,A
1rjd,A,B
4jbu,A,A
1rcu,A,B
1ie3,A,D
4l4r,A,A
1nxu,A,B
5g1u,A,C
5oy9,D,A
5o32,D,D
2kri,B,A
6l6r,A,C
4lzh,A,A
3g8l,A,A
5tzn,A,F
4pp8,A,C
4m17,A,A
1lgb,A,C
4ci7,A,A
3u88,C,A
4v00,A,B
4mu6,A,A
4r9k,A,B
1gjj,A,A
4m6t,A,A
4i1o,B,D
4i1m,A,A
4jw1,A,A
1sr9,A,B
1obc,A,A
4l2l,A,A
2dps,A,B
4l8h,A,B
3jso,A,B
6swg,A,B
7ddq,A,X
5exk,A,A
1j2o,A,A
3sfv,B,B
2q7n,A,A
1b4u,A,B
3n9b,A,B
1iuh,A,A
5d1o,A,B
5d1p,A,A
4tlm,B,C
2iyb,E,A
3c8l,A,B
6c48,B,E
1hst,A,B
4pt2,A,B
3zpx,A,B
3o0d,A,B
5cri,A,B
4m8k,A,B
3h3i,A,B
7kil,A,B
6tzy,A,A
2wfk,A,B
1qab,E,A
5ez2,A,B
3hty,A,B
5l8i,A,B
5byp,A,B
4pc4,A,B
3jvc,A,C
6lys,C,C
5d0q,C,A
5d0o,C,E
5ayw,C,D
1l8w,A,C
4noh,A,B
7bml,A,B
4eqq,A,A
5nqp,A,B
5fno,A,B
5f2t,A,B
6t9i,D,B
4zhe,A,D
6q8i,A,C
6n8p,A,A
4lrq,A,B
3cvz,A,B
5ly0,A,B
6byw,A,C
6eer,A,A
6f3z,B,D
4z48,A,B
1iwm,A,B
1ifq,A,B
5vng,C,B
6j74,C,C
4zy8,A,D
4v36,A,B
4q6z,A,B
1jcc,A,B
3lyd,A,B
5ok8,A,B
4p29,A,B
4zra,A,C
6ar7,A,D
4b54,A,B
5iv8,A,C
4n4r,A,B
2r19,A,B
4mdt,A,B
4ggi,A,A
4lkv,A,C
4q95,A,B
4u7l,A,A
4pbv,A,A
4h22,A,B
6qwn,C,H
5y3j,A,A
6zxe,k,N
4lxr,A,J
4peq,B,B
1z7x,W,X
6bk8,s,r
6obn,C,A
1lrv,A,A
6bpq,A,A
5vsu,E,A
5zwn,e,Y
4n0a,A,H
6aso,B,A
7oqb,u,T
5xjl,A,2
4pjo,A,K
1vu2,4,3
7oqc,d,C
1m5q,1,R
4e1p,A,B
6g18,t,P
5ihf,A,B
5uz5,H,G
1vpr,A,A
3blz,A,B
1kzl,A,A
5dgg,A,B
6rtk,A,B
2hj9,C,D
1zhh,B,A
1inn,A,B
3b4s,A,B
1j0m,A,A
7eip,A,A
4v2q,A,B
1hn0,A,A
4ml7,A,B
3kow,A,E
4xcm,A,B
4hpe,A,C
5ze3,A,A
4tlx,A,B
4mux,A,B
3owq,A,B
4xqj,A,D
3kmh,A,B
4y66,A,B
6c14,B,D
2o5n,A,B
3s5h,A,A
5ev7,A,A
3p1v,A,B
4df9,A,A
1r5i,D,H
1kcz,A,B
1kd0,A,A
4lev,A,A
2avw,A,B
4oej,A,A
6fbm,A,A
4bl0,B,E
5af0,A,C
4lu1,A,B
5u4z,A,B
5xkq,A,B
5mu5,A,A
6wjh,A,C
5hvq,D,C
1rk8,C,B
6gnx,A,C
6gny,A,B
5h8u,A,B
5y96,A,B
2r6g,F,E
6urf,B,C
6zn7,A,A
6zng,E,E
6f7i,A,A
6szw,C,D
1keo,A,B
5itg,A,A
4nzl,B,A
4l3i,A,B
6r7d,A,B
5yad,A,B
5aiq,A,C
4ld5,A,G
2jh1,A,A
5az6,A,B
7o75,3,D
6gym,3,3
3qs2,A,B
4lz6,A,A
4m4e,A,C
4d8j,A,D
7nyz,I,I
1aq5,A,B
4g1g,A,B
5itj,A,B
1ub4,C,A
5k8j,A,B
2w1t,A,A
5ie9,A,B
4qgp,A,B
2l2l,B,A
4ng0,A,B
7d3u,A,A
6u8y,D,E
6z16,a,f
7l6g,A,D
6buh,D,F
4l59,A,A
2ygw,A,A
4f0x,A,A
4fio,A,B
6wgi,2,F
4jj0,A,B
5odo,A,B
5a0y,A,A
5a8k,A,E
5a8r,A,C
5a8w,A,E
4tqo,I,A
7btx,L,C
1txk,A,B
5dvy,A,A
6g0k,A,B
6xp5,a,D
7emf,A,I
5n9j,B,A
7enj,J,S
7nvr,k,n
3r84,A,C
5sva,O,P
6w1s,H,M
4gwp,A,D
7kpv,D,D
5u0p,N,3
7jmn,P,E
5u0s,Q,V
4gwq,B,H
1yke,D,D
1ykh,B,A
3viq,A,C
6ndu,B,A
5z0d,B,A
4nxs,A,A
4nx0,A,A
3bcz,A,B
1mhy,G,B
4ua1,A,A
2rqk,A,A
4f3f,C,A
4lr7,A,B
3zk4,A,A
1kbp,A,A
3egg,A,C
4v0u,D,E
5inb,A,B
4zvz,A,A
4lac,C,B
6g46,A,A
4iyp,C,A
5w0w,F,E
5jjt,A,A
5w8m,A,D
5osh,A,B
1uf3,A,B
4wwf,A,B
2pzx,A,B
7bst,A,F
3m4x,A,A
7m6b,A,B
6b91,A,A
4pne,A,B
5wp5,A,B
3dh0,B,A
4ine,A,A
4qtt,B,A
5thy,A,B
4rv9,A,A
3egi,A,B
4lec,A,B
3iht,A,B
6g80,A,B
4nec,A,C
4qdj,A,A
5ztz,A,B
4oa5,A,D
5dnk,A,A
1t43,A,A
2b3t,A,B
4pim,A,B
7nyb,A,B
5f2k,A,B
2zfu,A,B
4p7c,A,B
5cvd,A,B
5a22,A,A
6ueb,A,B
5o95,A,B
4l69,A,A
1wxw,A,B
1wxx,A,A
3v8v,A,B
2qmm,A,B
4rg1,A,B
2frx,C,D
1ixk,A,A
3m6u,A,A
1t7l,A,B
4l5z,A,A
1mj2,A,B
4dmg,A,A
3fd0,A,B
5f5t,C,D
5f5s,B,A
3sy6,A,B
4h40,A,B
2bjr,A,B
4u4w,A,B
4m64,A,B
5fob,A,A
2i15,A,B
3sqn,A,A
5vcm,A,B
4u9l,A,B
4zl2,A,B
1mk2,A,B
3may,A,B
1iie,A,B
1de4,A,C
2wy3,A,B
1fv1,A,C
5ux1,A,A
3ez0,A,B
3znj,1,3
4xi6,A,A
4jpn,A,B
1m06,J,F
4osf,A,B
5t59,C,A
5oo6,A,A
5oob,A,A
1uw4,B,A
7drt,B,A
4l1c,A,B
6k6l,A,B
2ibn,A,B
5fmt,A,B
2xit,A,B
6p25,A,B
5lsj,A,B
5t58,D,A
4niq,A,B
5gjq,U,Q
7oia,m,f
6gci,A,A
2ymb,A,C
3ha4,A,C
5nuo,B,A
5uwa,A,B
5uvn,A,B
6a7h,C,D
5uqm,A,A
3rbn,A,B
4c5f,A,A
3sby,A,B
5cv0,A,B
5hr4,C,C
5mux,A,B
5mvi,A,A
2ifx,A,B
5gyd,A,B
2bf2,A,B
5khn,A,B
1wxq,A,A
1jal,A,A
5fqd,A,D
6uro,A,E
3gei,C,C
1xzp,A,A
4r42,A,B
4kzg,A,B
4pyd,A,B
5mpo,C,D
4q51,A,A
4lqp,B,B
4nkr,A,B
6qeq,A,C
4lvm,A,C
1tv7,A,B
4pd0,A,A
4pd1,A,A
2p22,C,D
6vme,C,B
4tk1,A,B
3v69,A,B
3fdq,A,B
7l5i,A,A
1ogy,A,B
5nqd,A,A
6pzk,A,B
6jle,A,A
6fw2,A,A
1bja,A,B
6ysf,C,C
6ykm,A,F
1kaf,A,B
1msp,A,B
2zf8,A,A
2y0m,A,B
1lu9,A,B
5j9i,A,B
3hi2,A,B
1n0e,A,A
5lp5,C,E
6ago,C,D
2lkm,B,A
5yyl,A,B
4pz6,A,B
4pz7,A,A
3kyh,C,A
2wx3,A,B
2gia,A,B
7e34,C,B
7oib,o,j
7oie,9,Y
3j7y,9,U
4v19,2,X
3j6v,V,J
4oc8,A,B
4r28,A,B
4kws,A,B
4m0x,A,A
4b7y,A,B
4b86,A,L
4rkh,E,F
5mdx,O,O
3jcu,O,P
4tnh,o,u
6yp7,O,W
6zbc,C,D
1uun,A,B
2fu5,A,B
4l0n,A,B
4lgd,A,E
5aji,A,B
6pwn,A,A
5il0,A,B
1qv9,A,B
6x3m,A,B
5ume,A,D
3brj,A,B
5ctg,A,A
6i7s,G,A
4wwu,C,L
6r2q,B,A
6sj8,A,B
1sg9,A,B
2pjd,A,A
2qne,A,B
3uv0,A,B
3i57,A,B
6in9,A,B
6in8,A,A
6jau,A,B
7a5o,A,E
5aws,A,B
7nz0,A,C
2wmm,A,B
3swh,A,B
1x7f,A,A
5nm7,A,G
6nc6,A,B
7bva,A,B
1e8c,A,B
7lg5,A,B
4oyu,A,B
2azo,A,B
6i5f,A,B
2oa9,A,B
1zhq,A,B
2qzv,A,B
6bp7,A,A
5i5n,A,B
1ign,A,A
6k15,H,H
5y81,C,B
5n9g,C,B
3ssm,A,B
4xin,A,B
5hmo,A,C
3h8d,A,B
6xe9,A,A
5i0h,A,A
4gv5,A,B
7dc3,A,A
3au5,A,A
4qhb,A,B
4r4x,A,A
2b2a,A,B
6d6v,A,D
6uca,A,A
4zcf,A,B
6pbd,A,A
1tr8,A,B
5irl,A,A
5irm,A,A
5jj4,B,C
4zk6,A,B
6yj4,O,O
6zki,L,u
6zkj,L,s
6zkk,L,v
6l7p,A,L
6zkl,N,o
6zkm,y,Z
4r01,A,B
5je8,A,B
5t57,A,A
5msu,A,C
1jkf,A,B
1kyq,A,B
6p7c,A,A
6l6j,A,A
6c6n,A,A
6e8y,A,B
5dhp,A,A
1ev7,A,B
4xwh,A,A
6pkg,A,B
6ozd,A,A
6vkf,A,B
4xz8,A,B
1ut4,A,B
4l4l,A,A
4utt,A,B
2pq4,A,B
4mzy,A,A
1vlp,A,A
2i14,A,A
3fpe,A,B
6cse,C,A
5hwx,A,A
1zcd,A,B
6z3y,A,B
6j5t,C,C
7crc,A,A
5dmh,A,B
4xfr,A,B
1ojh,A,B
4r12,A,A
5fn2,A,D
6nyq,C,H
7kdf,A,B
6nbq,B,G
4o0n,A,B
6l4b,A,D
5yhu,A,B
7a23,f,m
6zkn,Z,r
1ng2,A,A
3hx6,A,B
3ckd,A,C
5foj,B,B
1a6c,A,A
4qic,B,D
6ncs,A,B
4mc7,A,C
5lki,A,A
4lmj,A,B
4pir,A,A
5t90,A,F
4uy2,A,C
7aqc,R,R
6ffy,B,A
1fiu,A,B
4zgd,M,O
4ob0,A,B
6f0s,A,A
1wq6,A,B
5hb3,A,C
5ijn,C,K
5ijo,O,W
6x07,A,B
4qqf,A,B
1nmo,A,B
4ucq,Q,A
4pqx,A,B
3k0y,A,A
6mrj,A,B
1q5v,D,C
2qrr,A,B
1pc6,A,B
6wge,E,C
5kak,A,B
1n1c,A,B
2p9x,A,B
4ge1,B,C
2yx6,A,B
6bwo,A,B
3bgh,A,B
5dtc,A,B
3v3k,B,H
6sqx,A,A
2evr,A,A
3m1u,A,A
2z4h,A,B
2z4i,B,A
4qtn,A,B
4q4k,A,B
1iyk,A,B
1iic,A,A
3ix1,A,B
4mik,A,B
6g5i,y,y
4zlp,A,A
5czv,A,A
3ofk,A,B
2e87,A,A
1m4u,A,L
6em4,v,L
6emf,A,B
4wii,A,B
5zku,A,B
5ajd,C,K
5fu6,B,A
6r4l,A,A
6j2z,A,B
5nnw,A,D
6wpg,A,A
4u9q,A,B
4wgv,A,C
4m5d,A,A
2qyx,A,B
4u3e,A,B
3msv,A,B
7lto,A,A
5h1x,A,B
5c3l,C,B
5cws,C,E
4ium,A,A
7f52,A,B
5ooo,A,B
4l57,A,B
1jog,A,B
3mhe,B,A
4zkt,B,A
3v0a,B,B
4zv0,A,B
1u5w,A,B
5muv,A,B
4rwn,A,A
4nkt,B,B
2b51,A,A
4x4n,A,A
6jyj,A,B
6w38,A,B
3djm,A,E
5y88,V,A
6kgj,A,B
4n8m,A,B
5hb5,A,B
5a9q,3,4
3t98,B,A
6ob7,A,A
5gke,A,B
4kxl,A,B
4mcj,A,B
7dl9,A,B
6i1r,A,B
2v66,B,E
6o3p,A,A
6nch,A,A
3cng,B,D
6y3z,A,P
6scx,A,A
5r4p,A,B
4zbp,A,B
4nut,B,A
1t2t,A,A
3h7n,A,B
4kf7,A,A
5cwu,A,H
4lir,A,B
5cwt,A,B
4xmm,F,B
1zup,A,B
5lm7,A,C
2xhc,A,A
3ld7,A,B
5yaa,C,D
5mq8,A,D
6a0e,A,B
4ole,A,C
5vxx,A,B
5kua,A,D
6iva,A,C
6iww,A,B
3v6o,A,B
5k36,K,A
5jea,J,J
6d6r,K,K
4xig,S,S
4m54,A,A
2nmm,A,B
4zgz,B,A
4zgy,B,A
6qnm,A,B
5z5m,A,A
5xx1,A,J
5fkz,E,E
6q6i,A,A
1jod,A,B
1irq,A,B
6t1w,A,C
7btw,A,B
4lc6,A,B
1sg2,A,B
2x4m,A,C
2f1v,A,B
3qrc,A,B
4gf4,A,A
5dl8,A,B
6tub,A,B
6aki,A,A
6po2,A,A
6pns,A,B
3j9d,A,A
2btv,A,C
5uj8,A,A
3wqb,B,A
7cqi,A,E
4d5r,A,B
1kx9,A,B
4mh4,A,B
1r48,A,B
2wvk,A,B
4bf3,A,B
5o2c,A,A
4m8g,A,B
7cq5,A,B
2zag,A,D
1at1,A,B
6nf4,A,A
4zrh,A,B
2ynm,D,D
4ph7,A,C
4ag5,B,C
1u0s,A,Y
5l35,A,B
6on0,A,B
5jj1,A,B
6u9v,A,A
5f1c,A,B
2vvf,A,B
1p35,A,C
2yq8,A,B
2h1l,M,A
2rp4,A,B
6xre,M,E
4lqg,A,A
4ut5,A,B
4ljh,A,D
5cuf,A,C
1avo,A,C
5msj,A,A
4mud,A,B
4iit,A,B
2x04,A,B
1jgn,A,B
3ktp,A,B
5un0,1,2
7ls6,P,O
2z5e,A,B
5wtq,A,B
2f91,B,A
4x8c,A,A
4n20,A,A
6ce1,A,A
1xma,A,B
5x11,A,A
4opx,A,C
4oqa,A,A
6i0x,A,B
4uyu,A,B
6eht,D,C
5i8p,A,B
6af0,P,A
2rsy,B,A
2erv,A,B
2l9s,B,A
2rms,A,B
2ld7,B,A
5jk2,A,B
3gro,A,B
1kl7,A,A
4wx2,B,A
2guz,B,F
4q8j,B,C
4xr7,C,A
5zsu,A,A
1iho,A,B
1m3u,A,B
2yil,A,A
6kyw,A,A
4o5f,A,B
1iw8,A,B
1idq,A,A
3m8j,A,B
2xet,A,B
5d6h,A,B
5w0b,A,A
4lt6,A,B
2hhp,A,A
4i6p,A,B
4xjn,A,E
5e4v,A,A
4n5b,A,B
1zx4,A,B
2hwj,A,B
3no7,A,B
2an7,A,B
6x0a,a,b
2q00,A,B
4fxe,D,A
3bpq,B,A
4n9z,A,B
4xhu,A,B
4oqb,C,C
3er8,A,B
2ga9,A,D
2gaf,A,D
3er9,A,B
1vu0,U,V
7jsg,B,C
4zp4,D,A
4zph,B,B
5e12,A,A
2qkp,A,B
5nwm,A,B
4pky,A,B
5akp,B,A
4uvq,A,A
2i74,A,B
4wja,A,B
3da5,A,B
1yvu,A,A
4uu2,A,B
4ce4,b,S
1o75,A,A
5j8x,A,A
4ozd,A,D
1twy,A,B
4lvq,A,B
3ohw,A,B
6cci,A,A
7by1,A,B
3d0f,A,B
2h6l,A,B
5jmv,D,A
3s30,A,B
1jg3,A,B
5jne,D,A
6t8h,E,B
3p83,B,E
1ul1,A,X
1ppr,M,M
4mm1,A,B
5oca,B,B
5vl7,B,B
6p16,A,B
1cqt,I,A
6pnv,A,A
1k32,A,B
5nsk,A,C
5zyt,B,C
4ic1,B,C
2ost,A,B
4wzi,A,A
3mjk,A,A
5usc,A,B
4wji,A,A
4qoy,A,B
1l8a,A,A
5frp,A,B
2ykh,A,B
6e85,A,B
1ixn,A,C
1ky9,B,B
6sak,C,A
5f3x,A,B
4rr0,B,B
4p2a,B,A
5il9,A,A
4fgm,A,A
3dja,A,B
4yz0,A,B
3c5m,A,B
5gt5,A,A
1qjv,A,B
1gxm,A,B
3egb,A,B
1okr,A,B
4m1j,A,C
5t12,A,A
2hwg,A,A
3t05,A,B
1jde,A,A
4uuy,A,B
4uol,A,B
3odm,A,C
1ii2,A,B
4ywb,A,C
4ox2,A,A
4a37,A,B
5boi,A,A
3elg,A,B
7abw,A,B
1ohf,A,B
7c4x,A,B
1y43,A,B
6itb,A,B
5dir,A,C
6row,G,B
1mir,A,A
5lac,A,B
4yec,A,B
4uel,A,C
1iof,A,B
5wdk,A,B
5lw5,A,B
6i9a,A,B
4rbm,A,A
4ief,B,A
5ag8,A,A
4l7q,A,C
4qbb,A,B
5c1u,A,B
4tww,A,B
4x2v,A,B
1lvb,A,B
1pxv,A,B
1x9y,A,A
1y4h,A,C
5aek,A,U
2io2,A,C
4wx7,A,C
5mz6,1,1
5u1s,A,B
6k9n,A,B
5iau,A,B
6hqz,A,B
5ejj,A,A
5xda,A,G
4ztb,A,B
6jim,A,A
3kw0,A,B
7ay2,E,F
3gqh,A,B
5d7w,A,A
3zuk,A,B
4p10,A,A
1r44,A,B
5oq1,A,B
5nmi,A,I
1l0l,A,K
5d8n,A,A
4njq,A,B
1itq,A,B
4mmo,A,B
2hsi,A,A
3tuf,B,A
4s2t,P,P
7jgj,A,A
5n0c,A,B
5bqm,A,B
2ayi,A,B
5l43,A,B
2qr4,A,A
4put,A,A
5giv,A,C
4p6y,A,B
2cki,A,B
6ait,B,B
5syt,A,A
5na6,A,A
1hi9,A,B
4qhi,A,B
4yu5,A,B
3ujz,A,A
4hx3,A,I
5of1,A,B
1tzp,A,B
6jbo,A,B
6cz6,A,C
6cyj,A,A
4lgi,A,D
2y3u,A,A
4q6m,A,A
4q6n,A,A
4l7a,A,B
4peo,A,B
4pf1,A,C
1lns,A,A
1id4,A,B
4n31,A,B
3jyh,A,B
5y4l,A,B
4lur,A,A
4l8k,A,A
4xzy,A,B
4kwb,A,B
6a4r,A,B
5tzb,A,B
4om9,A,A
3h09,A,A
5f9m,A,B
4mi1,A,A
5jbl,A,B
4yn3,A,A
5fbz,A,B
3edy,A,A
1oyv,A,I
4lvn,A,P
3afg,A,A
3lxu,X,X
5n4b,A,A
4dq5,A,B
4p7b,A,C
6nff,A,A
1icj,A,C
2p10,A,B
4lsb,A,B
5jx2,A,A
1qo0,A,B
4mpt,A,B
5fnb,A,A
5fuj,A,B
5nkz,C,A
3ajb,A,A
1prt,E,F
4aqn,A,B
2yq2,A,B
2e74,G,F
1wlf,A,A
5aon,A,B
2wl8,A,B
4cai,A,B
5izt,A,B
4omt,A,A
3opy,B,A
4lbg,A,B
5b48,B,D
3l3f,X,X
2vwa,A,B
6wpy,A,B
2c1g,A,A
1iri,A,B
13pk,A,B
5t2y,A,A
3wvq,A,A
4qg5,B,D
4mrq,A,A
1jdy,A,A
1kfi,A,A
1rfz,A,B
1lbu,A,A
5anz,A,A
6fj1,A,B
1wiw,A,A
3cxb,B,A
5jjd,A,B
3a8n,A,A
2hq4,A,B
5hx2,B,C
1r7l,A,B
6jnx,P,Q
1cd3,B,F
4mtk,A,B
6h3l,A,A
5tjt,A,B
6b23,B,c
7jw1,b,c
1xwr,A,B
7jvt,C,D
2fjr,A,A
1dwn,A,B
6a7f,a,K
2g3p,A,A
1ijg,A,A
5a21,C,D
6vli,A,B
1yha,A,B
1m0d,A,B
1rb8,F,G
1al0,G,1
6qyy,A,C
6px4,B,T
5hxy,A,F
3vcf,A,B
1a0p,A,A
5jjv,A,B
7mwy,A,A
3csq,B,C
1j9i,A,B
4pup,A,C
6te9,A,B
6j0b,A,G
6gkw,A,A
6pyt,A,a
6rap,C,E
3j2m,U,A
3foa,B,C
2wkc,A,B
7boz,a,b
2ob9,A,B
3jr0,A,B
3fz2,A,E
6p3e,A,B
5ip0,A,B
1oxj,A,A
2w4s,A,B
7d87,A,A
6l8e,A,E
5dag,A,A
4o64,A,A
3k6q,A,B
1t0q,A,A
4rl8,A,B
2inn,E,B
1foh,C,D
6oz5,C,B
1q2h,A,B
1zae,A,B
2fio,A,B
6f9b,A,B
5g47,A,A
5yd1,A,B
5z1f,A,A
4xb6,A,C
6l85,A,B
2yeq,A,B
3b85,A,B
4uey,A,B
3evi,A,B
2d1g,A,B
4aup,A,B
3fgr,A,B
5jvb,A,B
2fqm,A,B
3hhw,A,K
5lr8,A,B
1jxh,A,B
5o4c,L,H
7dxa,a,A
4tni,a,i
4tnj,a,l
5b5e,D,M
4tnk,a,t
4ub8,D,X
4q25,A,A
2iiu,A,C
2yxo,A,A
3hwj,A,B
6csl,A,A
4lm6,B,A
4q5o,A,B
6th5,A,B
1uf2,C,D
3b4o,A,B
1qy9,A,B
4xh9,A,B
4qj5,B,B
5jhg,A,E
6thl,A,A
3nsu,A,B
1w1h,A,B
4iap,A,B
4qxa,B,A
5fyp,C,D
4l9c,A,B
5ae8,A,A
5ae9,A,A
4kz0,A,A
7mez,B,B
5uk8,A,B
6l53,A,A
4n53,D,A
4mg3,A,B
5z10,A,A
6b3r,A,A
4xlz,A,B
4psf,A,B
3plt,A,B
5g2f,A,B
2opd,A,B
6gcv,A,B
3hg9,A,B
5eou,A,B
4bhq,A,B
2rjz,A,B
2y4y,A,C
4av2,M,A
3fhu,A,B
5y6f,A,A
5vx6,B,A
7lkm,C,A
6a7v,A,K
4mvt,A,A
2dok,A,B
7f3e,A,B
7k2v,P,P
6ggo,A,B
1j1l,A,A
6uts,A,A
4lzk,A,B
4qg6,A,A
4r4l,A,B
4l9d,A,B
5k47,A,A
4o21,S,A
4l43,A,A
4y0x,A,A
2pzi,A,A
3tg1,A,B
4pl3,A,A
6mm6,E,F
2f49,A,C
5w5v,A,A
6bod,A,A
3h4j,A,A
6ya6,A,B
7cu8,A,B
4imp,A,B
5dqx,A,B
2jd3,A,B
3cwz,B,B
1kho,A,A
4qey,A,B
6kz8,A,A
4qmd,A,A
3ryt,A,B
7kdc,C,D
4n7v,A,A
2vqx,A,A
2gsk,A,B
6n3q,A,B
6nd1,B,C
4l1p,A,B
2ex0,A,B
5nj5,A,B
5nj9,A,A
5nja,A,A
4wfc,A,C
5nw7,A,A
5zt4,A,A
5ue7,A,B
5fa9,A,A
6p2r,A,A
5nkx,A,B
4lp7,A,C
4uc7,A,B
5vj2,A,B
3h1c,B,I
3gcm,D,A
4zxa,W,X
1jnw,A,A
4o93,B,A
4khb,D,H
6upk,H,G
6upl,H,H
2z5b,A,B
7jq6,A,B
1nlx,A,B
4rs6,A,B
4nkb,A,A
3aql,A,B
1miv,A,A
3jvb,A,A
5z8o,A,B
4xrw,A,A
4mbx,A,B
1cn3,A,F
2qv5,A,B
5bju,A,B
3vvb,A,A
2j58,A,B
6ahr,B,B
6ah3,B,B
6ahu,B,E
2vqg,A,F
5xdn,A,B
6jnf,A,C
6ucu,A,C
6ucv,A,D
7ck6,A,E
7cp9,I,F
5mdq,A,B
2iwv,A,B
2o4v,A,B
4mlq,A,A
4mlv,A,A
3ja7,A,B
6h3i,F,A
7cuh,A,A
1jb7,A,B
1stm,A,B
2x8x,X,X
4qky,A,A
4ql0,A,A
5odv,A,B
4lqk,A,B
5e6f,A,B
6br8,A,B
6rie,O,O
4ckb,D,B
5cz3,A,B
1ka8,A,B
4w5x,A,B
5e8j,A,C
6beb,A,B
5kof,C,A
4ra2,A,A
6jkv,A,B
5fax,A,A
4yeg,A,B
3eo6,A,B
4z10,B,E
4z11,A,A
4m59,B,B
4oe1,A,A
4pjq,A,A
4m57,A,A
6lvr,A,C
5diz,A,A
4mb0,A,D
4l9p,A,B
5a9k,A,B
1ksx,A,F
1jj4,A,B
6pbz,A,D
2o8r,A,B
1xdp,A,A
1xdo,A,A
3l32,A,B
4qnc,A,B
3hxj,C,C
5v1u,B,D
6j22,A,B
6j2l,B,A
2dyi,A,A
5hyn,Q,Q
1n7v,A,A
1yq5,A,B
5ons,A,A
4nvq,A,B
4xhr,A,B
4xiz,A,M
4onc,A,B
4jle,A,B
5tcp,1,3
6duz,A,Y
2gmq,A,B
2i1s,A,B
4twb,A,A
1o57,A,A
4lyg,A,A
3vw4,A,B
3m1m,A,A
6lni,A,B
1oei,A,A
5huz,A,B
6d2l,B,D
2nxn,A,B
4x60,A,A
6ugh,A,A
5ylz,A,N
6exn,A,a
3jcm,A,G
4o8a,A,A
5ld9,A,B
6wt4,A,B
2ntx,A,A
3gs9,A,A
2hxj,A,B
1nj8,A,A
5m32,A,l
5v1y,A,B
4uii,A,B
6nbx,F,D
5kwa,A,A
4pro,C,A
4o1j,A,B
4lb0,A,B
6y53,6,7
5gap,G,A
5o9z,F,M
4dgw,A,A
5k87,A,B
2pju,A,B
4lqi,H,I
1jb0,B,X
6fos,B,I
6hx0,A,A
1s5l,J,K
7eda,J,Y
5b66,K,Z
4nz6,A,B
5l56,A,A
5l59,A,A
3nct,A,B
7czl,C,N
5oj3,A,B
5lxy,C,D
7o3w,A,B
5x8r,w,r
6l06,A,B
5ax7,A,B
5cuo,A,A
5y4g,A,B
4lef,A,D
4low,A,B
1q7m,A,A
1q7s,A,B
2n6f,A,A
4tvv,B,C
4ntk,A,B
4oh3,A,B
4qkv,A,B
1j6t,B,A
2lrk,D,A
4xwj,B,A
2f9h,A,B
1o2f,A,B
2few,A,B
6bvg,A,B
3uai,A,D
1iq8,A,A
1it7,A,A
1it8,A,A
4oyj,A,B
4oyk,A,A
4jde,A,B
5bym,A,A
5kl8,A,B
5jh5,D,C
5yn7,A,A
4bjr,A,B
5fgo,A,B
3qi5,A,B
3db0,A,B
1mt1,A,B
3v53,A,E
6q0x,A,A
6h7w,A,A
5at1,B,D
4obu,B,C
2i51,A,B
4ybn,A,B
4n1j,A,B
1ipw,A,B
2v3a,A,A
3klj,A,A
1hyu,A,A
4usq,A,F
1pby,A,A
4kwv,A,A
3bl5,A,C
5k0p,A,D
3bp1,A,A
1vky,A,A
2fkc,A,B
5tub,A,C
3bbp,D,E
6yuf,B,B
4yir,A,X
5gox,A,B
5jrb,A,B
3v7o,B,A
1wyw,B,A
4x57,B,D
2qlc,A,D
7mjv,A,A
2qgq,A,A
7mjw,A,A
6djt,A,A
4wt3,A,A
6kkm,E,A
6smh,I,E
4wwx,B,E
5zdz,A,B
1rmd,A,A
2v83,A,B
6dkn,A,B
1xsz,A,A
3nzy,B,A
6ije,A,B
6ijf,A,C
3k6g,A,B
2rr9,C,A
6bog,A,B
7m8e,F,F
3brw,B,D
7dl2,A,A
5cjp,A,E
4nyi,Q,S
2d7c,A,C
1z0j,A,B
1s1c,A,X
1yhn,A,B
4lhx,A,E
3a58,B,A
6djl,A,C
7lc1,A,B
7bwt,B,A
1gzs,A,B
7kmt,A,G
1g4u,R,S
6wcw,B,A
3ixs,A,B
5bs1,A,B
2dyj,A,B
5tw1,J,D
1ogc,A,B
5hq2,K,K
4qam,A,B
4d4o,A,C
2zxk,A,B
4cad,C,A
2ayx,A,A
6ois,A,B
2owl,A,B
5fsw,A,B
4mia,A,B
4au6,A,B
6ogy,A,A
6ogz,A,E
5zvs,2,4
2fa8,A,B
5jrj,A,A
2ptu,A,C
2qt7,A,B
1gm5,A,A
4bqq,B,A
1u5k,A,B
1w3s,A,A
5fdk,A,C
3c1d,A,B
4txo,A,B
2zot,A,B
5box,A,D
3v9f,A,A
4a2l,A,A
4ml0,A,B
6wlw,V,U
1w9z,A,B
6xf8,A,F
6ztz,O,P
5eft,B,F
4odb,A,B
2vrs,A,B
2bsf,A,A
4nb3,A,B
4pql,A,B
1jmc,A,A
1bkc,A,I
4n0n,A,A
4u87,A,B
6h24,A,B
1quq,B,D
5dcx,A,C
4cij,A,B
6d0h,A,C
6d0i,A,B
2gjk,A,A
6o8f,A,A
5tnu,A,A
1rfx,A,B
2ftk,E,A
1f51,E,A
1d02,A,B
2ezv,A,B
4pmi,B,C
5yrq,A,D
6qnz,A,B
6eg7,A,B
5dwa,A,B
3mx4,A,G
1wtd,A,B
2e52,A,B
4rct,A,B
5iff,A,B
6g3b,A,B
2kw3,A,B
4ui2,D,A
6z3m,c,c
1emu,A,B
1d8w,A,B
7byu,A,B
3kk4,A,B
2k6l,A,B
1x93,A,B
5v7z,A,B
4f67,A,A
2gwf,A,B
2nrf,A,B
2mja,A,B
5ac9,1,4
6s5y,A,B
6u0t,A,B
6eml,t,r
6s5w,A,B
6cqc,A,D
1ioo,A,B
1ztd,A,B
1o0w,A,A
1j7h,A,B
6cgl,A,A
2lbf,A,B
1zav,A,V
2gya,G,3
5jvg,F,S
4ujh,B,S
4kx0,O,T
3iz5,N,S
4ujj,F,a
4ujm,A,b
4kx2,Q,Z
4nvv,Q,0
6qkl,F,J
4qs1,R,W
3j21,P,6
4ujg,G,G
4w20,A,p
3izt,D,I
4ujo,L,T
1yj9,R,2
4uy8,S,7
2j28,T,9
2x7n,D,B
3j61,Y,l
4l6j,L,5
3j0w,Z,I
4pec,X,H
4w25,r,e
4w27,A,p
3j3b,F,E
4nvx,4,G
2go5,6,2
3g4s,1,2
1vw8,n,I
3izc,q,H
4kzz,M,f
6k0a,I,G
4uer,K,5
6ys5,n,n
4ujf,T,U
4ujk,T,a
4ujp,O,O
4uju,O,c
4ujr,r,l
4ujw,p,p
4ujz,B,W
2ywq,A,B
4uq4,E,E
5no2,G,G
5nko,A,B
5ap8,A,B
4nu7,A,B
4m8l,A,C
1isf,A,B
4k12,B,A
4za3,B,A
6zwm,E,E
6zwo,F,F
4qup,A,A
5aeu,A,B
7c8z,A,F
3c0d,A,C
5hvz,A,C
2drn,C,A
5zct,A,A
7afo,X,Y
3fhn,A,B
6u3u,A,E
3lr5,A,B
6yle,C,D
3pq1,B,B
3mxn,A,B
5gvd,A,B
5gve,B,A
4qqr,A,B
4ndn,E,D
4ktt,E,D
4oog,A,B
5f6c,A,B
5dmq,A,B
4kv8,A,A
4lsl,A,B
3puf,B,C
3p56,C,C
6k0b,E,G
7c79,C,K
5h9v,A,B
2nwu,A,B
5z3q,B,D
2hvq,A,A
2c5u,A,B
5c74,A,B
5g5l,D,D
5m3m,D,G
5n5y,D,O
5m3f,D,G
3nff,F,H
5lmx,N,M
5m5x,N,B
5byh,A,M
4llg,M,F
5n5z,R,A
5n5x,C,A
4qjv,A,B
4ylp,H,Q
4x67,C,H
7ae1,C,M
7ckq,A,H
7a6h,G,A
6hlq,B,I
5m5w,A,E
7ok0,A,Q
5ui8,J,M
6gfw,D,M
5xon,A,W
5fyw,A,W
6ruo,A,Q
7oq4,A,G
5iy8,A,U
4mq9,D,C
3gtm,A,S
5vsw,D,M
7b7u,A,M
6n57,J,L
5iy9,B,T
5fja,B,N
2r7d,A,A
6y2p,A,C
6y2q,A,A
6jie,A,B
5xqi,A,B
3aq2,A,B
1rpr,A,B
2js5,A,B
5f5h,A,B
6dun,A,B
1m5y,A,A
5uy9,A,A
5tvl,A,B
6o3v,A,B
3gzu,C,D
4g0a,A,B
1knz,A,B
4wb4,A,B
1slq,A,B
3iyu,X,X
5n60,G,O
6fo1,G,D
4mqv,A,C
1z1d,A,B
7asv,A,B
4ou8,A,B
3b4q,A,B
5mmj,x,m
7l7v,A,B
5n08,A,D
4a8x,A,B
2m0g,B,A
2kg1,A,A
6yyl,A,C
4eyt,B,C
3zzy,A,B
4wpm,A,B
4pon,A,B
6yfv,A,B
2bnl,A,B
2j6y,A,B
6v8o,D,D
3vep,C,A
6in7,A,B
6zjo,A,B
6zhl,A,A
6qdx,A,B
6ijz,A,A
2cwo,A,B
7ldk,A,B
4o89,A,B
1uc2,A,B
2dpd,A,B
3lq9,A,B
2lh0,A,B
3t7i,A,A
4ol8,E,E
4mh8,A,A
7o0h,A,B
5khe,A,B
4adg,A,B
1mlv,A,C
4zlh,A,A
1j30,A,B
1q8r,A,B
4ld0,A,B
5ng6,A,C
1nmn,A,B
4oke,A,B
2nwi,A,B
4l1a,A,B
6me0,C,C
5cqg,A,A
4nyn,A,B
7e2m,A,B
6bqi,A,A
5aeo,A,B
4le5,A,A
4uie,A,A
4qjf,A,A
5fb9,A,B
6h5n,A,D
4q5g,A,B
5f7l,A,C
4plp,A,B
4rl6,A,A
1kzq,A,B
6t9k,H,B
6tb4,A,K
6ty0,A,B
4z8l,C,B
1jen,A,B
5fiu,A,A
5vyk,A,A
4ude,A,B
2r6z,A,B
1oqj,A,B
3hl6,A,A
6o2v,A,B
6zz8,A,G
2y3w,A,A
1zmb,A,B
2z3x,A,B
5ays,C,D
7ef0,A,B
7dc0,A,A
6fsw,A,A
4n7w,A,B
6rmu,C,A
7p34,A,B
5k94,A,A
4gli,A,A
4bl9,C,A
4wth,A,A
4ndz,B,B
6k7e,A,A
1mg1,A,A
4exk,A,A
4wrn,A,B
4oet,A,B
4r73,A,B
7cye,A,B
4dix,A,A
4djg,A,B
3ub6,A,B
3cwf,A,B
1y7q,A,B
2e9w,C,A
4yto,A,B
6h6n,A,B
4zy7,A,B
4xvw,A,B
5idr,A,D
1idp,A,B
4ky0,A,B
4rqo,A,B
2iqq,A,B
1ozb,I,A
2i9w,A,A
6lpc,A,B
1mqs,A,B
5buz,A,B
3mzk,B,B
7kak,B,E
6zzz,A,B
4pwu,A,B
5xam,A,A
5tcq,A,B
5w68,A,A
7b6d,E,F
7b70,E,I
3vbc,A,A
6ds5,A,B
5b26,A,A
6vk3,A,B
7lc0,A,B
1lva,A,A
2jz7,A,B
6eac,A,B
4r3n,A,A
2gw6,A,B
6z9u,B,C
6sat,A,B
2du7,A,D
4kv9,A,B
1lrr,A,D
3fmt,A,B
6sp2,A,A
5eiu,A,D
5f7t,E,E
3bdv,A,B
5ecj,A,A
2dt7,A,B
4da2,A,B
4dap,A,A
6aqr,C,E
4igb,A,B
4hsq,A,A
2lxb,A,B
1t1v,A,B
1k4u,S,P
3pe0,A,A
2y35,A,A
3pie,A,A
3pif,A,A
3gpl,A,A
4emo,A,C
4wnl,A,C
7avk,A,B
2a26,A,B
3oa7,A,A
4om6,A,B
5cra,A,B
5ysj,A,B
5yij,A,A
6iy8,A,C
3co5,A,B
6ono,B,A
3hug,A,B
6akk,A,B
4hvz,A,B
7pe7,G,C
4x3g,A,B
5nl1,G,F
6lhx,A,B
6p7d,A,B
5i01,A,B
4c9y,A,B
4aj5,A,L
4nlh,A,B
1l8r,A,B
7en0,A,B
4tuw,A,B
3wi3,A,A
3x37,A,B
3jc5,B,D
3x38,A,B
6bt4,A,A
2y9y,A,B
4yp4,A,A
3dfb,A,B
4rsi,A,B
5h66,A,C
5wy5,A,A
3w6j,A,B
6syt,A,B
5j1b,A,B
3ihm,A,B
6p8j,B,D
5tod,A,B
3fau,B,C
7bv6,B,C
4ol7,A,B
5m9o,A,A
6zh3,A,B
2luh,B,A
1zza,A,A
1r9g,A,B
4wxy,B,A
4lgq,A,B
3bb9,A,B
3hk4,A,B
4tkn,B,C
2maj,A,C
5es2,A,A
4l2a,A,B
4l2b,A,A
4ncq,A,B
4zg7,A,A
3naw,A,B
2qza,A,A
6m35,A,B
4lfd,A,B
4n7e,A,A
2yzr,A,A
2ox5,B,A
4plj,A,B
3vz9,D,B
4u5a,A,C
5j1f,A,B
1inl,A,D
3c6k,A,B
2khm,A,B
5iz2,A,B
4mzf,B,B
1lq1,A,B
5cl2,A,B
6bzf,A,E
6ic8,A,B
2ook,A,B
5ucg,A,A
3o6q,A,C
3d34,A,B
2bzb,A,B
6bs9,A,B
6dcs,A,B
3g74,A,B
5twj,A,B
4pzk,A,B
1ipa,A,A
3gyq,A,A
1v2x,A,A
3lm6,A,B
2i9x,A,B
2eh1,A,B
4y6k,A,A
7nky,Q,O
6tbm,F,G
6p0x,A,B
4o9x,A,A
5kis,A,A
5ijh,A,A
1o6h,A,B
1o6q,A,A
2zcp,A,B
4nbo,A,B
6kbu,A,B
6kd5,A,B
5ck3,A,E
7obq,y,x
1ry1,D,D
4ue5,B,E
3dlu,A,B
5gad,i,l
5gaf,i,i
1nrj,B,A
5wrw,A,B
4mz9,A,B
3tek,A,B
3cm1,A,B
1ou9,A,B
3fdf,A,B
1c77,A,B
6c4n,A,B
6rtc,A,B
2ka6,B,A
2ka4,B,A
5o7a,E,E
4y5u,A,A
5aey,A,B
5oi9,A,B
6scf,A,C
3kf6,A,B
4xre,A,D
6f87,A,A
5awg,A,A
4l4y,A,B
4lds,A,B
2prv,A,B
1auk,A,A
1aqu,A,B
5wri,A,B
5tiw,A,B
6wq0,A,B
1tex,A,B
1ilv,A,B
4mru,A,B
6sli,A,F
4l7t,A,A
3rc3,A,A
2xfv,A,B
6kw3,I,D
6yxo,A,B
3ffv,A,B
4ygx,A,B
1auv,A,A
4r3q,A,B
1ejp,A,B
1lvf,A,B
2jtt,A,C
4pht,A,X
5nbg,A,B
4lw9,A,B
5bw0,B,D
5vtm,V,W
6utu,A,C
1uv7,A,B
3utk,A,B
2lhk,A,B
5wkq,A,B
1zw0,A,B
2uwj,E,F
2p58,A,C
5vgc,A,B
5vxj,C,I
5cnl,A,B
1c1k,A,A
1qex,A,B
4tv4,A,B
5mxn,1,F
6giy,A,F
4yo3,A,B
5n8n,A,a
5myu,a,A
6lar,A,I
5m86,A,B
5lnl,A,B
5c2n,A,C
1xu1,R,A
4lda,A,B
4hff,A,B
6mzd,D,P
7eg7,D,Q
6mzm,D,X
7eg8,D,O
7eg9,d,m
7egd,k,P
6iz8,A,B
4oj5,A,B
4osh,A,A
4rxf,A,B
6ig2,A,B
6fat,A,B
4wp2,A,B
4z9h,A,B
5tz8,A,B
2lzs,A,B
4htt,A,B
6l25,A,B
4oj8,A,B
4ota,A,B
5uif,A,A
4lho,A,B
6jm5,A,B
1qsd,A,B
4o4x,A,B
4o3w,A,A
4o3y,A,A
6l7i,A,B
4r04,A,A
1jnp,A,B
5zkt,A,B
4ld1,A,A
3s0t,A,B
2hac,A,B
6hke,A,B
5o9k,A,B
4wx3,A,C
5mdi,A,B
4z8e,A,C
4ruq,A,B
3o4z,A,D
2v6e,A,B
4joi,C,B
4lqx,A,B
5fva,A,B
3ajf,A,C
2h5n,A,B
2qz7,A,B
6z6d,A,A
3zqn,A,B
4idh,A,A
5m1k,A,B
3cpe,A,A
5zzj,A,B
4lix,A,A
4kux,A,B
3nnr,A,A
5jr5,A,B
4v2f,A,A
4me9,A,B
2id3,A,B
2hku,A,B
5efy,B,B
2guh,A,B
1rkt,A,B
2oer,A,B
5daj,A,B
5aqc,A,B
2d6y,A,B
3bni,A,B
3c07,A,B
4mxm,A,B
4nn1,A,A
2f07,A,B
2ras,A,B
2yve,A,B
2jj7,A,B
4x1e,A,B
5fgl,A,B
2qko,A,B
6o6o,A,B
5d1r,A,B
2zcx,A,A
5d1w,A,B
2zcm,A,B
5gp9,A,B
1jt0,A,C
4kwa,A,B
6g87,A,B
2iu5,A,B
2qtq,A,B
4nm6,A,A
6hk8,A,B
5fz5,X,W
5iya,R,R
4v1n,Q,R
3bqs,A,B
2od0,A,B
3tw5,A,A
4p8i,A,B
6g49,A,A
1nyq,A,A
3ndh,A,B
3ia8,A,B
4mbt,A,B
3fsx,A,B
2rij,A,A
4a5o,A,D
5nhs,A,A
5axk,A,B
5xox,A,A
4y4l,A,B
1lxn,A,B
4mes,A,B
4s2a,A,A
6cwy,D,D
6yuc,D,G
1vbk,A,B
4kr7,A,A
5imy,A,B
4qqa,A,A
1okh,A,B
4wvm,A,B
5mzo,A,A
5y7o,A,B
2php,A,B
7apx,A,B
4lz4,A,C
1tdj,A,A
4pxy,A,B
4p5a,A,B
5mlf,A,B
4mqb,A,B
7kwo,V,V
3a2k,A,A
1iig,A,B
4xht,A,B
6etx,E,R
2wcq,A,B
6et8,A,B
4lqc,A,B
4uxh,A,B
6r82,A,B
4om2,A,B
5h7z,A,B
4r1d,B,B
2mk9,A,B
7c77,A,B
5to3,B,B
5vre,A,C
7ji3,A,B
1t0r,C,A
7cxr,A,A
6x0q,A,B
1t0f,A,A
6brb,A,D
5zgg,A,B
4i9x,C,B
7m99,A,B
2lr6,A,B
2yko,A,A
6p5a,A,G
5d16,A,B
1vtz,0,2
2wz7,A,B
1t16,A,B
6bjg,A,B
6pcm,A,A
4rul,A,A
4ddt,A,A
1k4s,A,A
2h7f,X,X
1k4t,A,A
1yua,A,A
2au3,A,A
5zk1,C,A
5ip1,A,B
6y83,A,B
4g2b,A,B
6r5j,A,C
6ava,A,B
1zle,A,B
2xd0,B,Y
3ub1,A,B
3ph1,A,B
1ig0,A,B
1ig3,A,A
2h11,A,B
5anp,A,B
4qpz,A,B
5ej4,A,A
3vtx,A,A
5a01,A,A
5o01,A,A
2pl2,A,B
2r5s,A,A
2y4t,B,C
5kkd,A,B
5y78,A,B
7jsv,A,H
1uwv,A,A
5kjv,A,B
6soy,C,B
4pyg,A,A
1l9m,B,A
1iu4,A,B
3dwk,B,D
5fgz,A,A
1reg,X,Y
1j1j,A,B
2w7a,A,B
6xg8,A,B
4lba,A,B
4qpo,A,C
6xux,A,A
6upc,A,B
4m7c,A,B
1kiy,A,B
3ebk,A,B
5egi,A,B
4bsx,B,C
2akf,A,B
5but,A,J
2n90,A,B
2ytz,A,B
2o3a,A,B
6q56,A,B
7btu,A,B
7btz,A,A
5ah5,A,A
4oud,A,B
4p2b,A,A
4r3z,C,C
3w3s,A,A
4xeo,A,B
1j5w,A,B
7eiv,A,C
4rrf,A,B
3f1z,A,B
2gfq,B,C
5vxb,A,B
5x89,A,A
6u00,A,B
5u32,A,A
2der,A,A
2det,A,A
5fmn,A,B
1ic2,A,B
1yvp,A,B
5zx5,A,B
4pw8,A,B
4ld7,A,B
4lu6,A,B
5tm0,A,B
1k8w,A,A
1sgv,A,A
1sb7,A,A
1e9r,A,B
2z7f,E,I
4aoq,D,A
6fpe,A,D
1dip,A,B
6rk1,A,B
4ryi,A,B
6rus,A,A
4qqd,A,B
2fim,A,B
5mu4,A,B
5o3l,A,A
4pl6,A,B
4uc4,A,A
2fhd,A,B
3vp8,A,B
7p54,A,B
6r22,A,B
4x7u,A,B
1auy,A,B
4oua,B,B
5nw9,A,B
4nbi,A,B
1tlj,A,B
5wyl,A,C
2hj1,A,B
6q01,C,D
2knv,A,B
1z7l,A,B
4od4,A,B
4s13,A,C
4obw,A,B
2mur,B,A
1uzx,B,A
4xkh,A,E
2hth,A,B
2c7n,H,I
4v3k,B,C
5vzw,C,G
5eya,C,G
2n9p,C,A
4icu,A,B
5vzm,B,A
3ihp,A,A
3u12,A,B
4lyl,A,B
1jv1,A,B
4r16,A,B
4qej,A,A
4rjt,A,A
3evx,A,B
6okh,A,B
4nv0,A,B
4qti,U,U
1vmf,A,B
2gf4,A,B
1sqw,A,A
1s7o,A,C
2qzg,A,B
4gyt,A,B
2oy9,A,B
6yuo,A,B
5h1n,A,B
3wrv,A,B
2wjv,B,E
1jlr,A,C
5aie,B,A
7kns,A,A
3sf5,B,A
4l3k,A,B
1ear,A,A
1xsq,A,B
4mb8,A,A
4wsh,A,B
6uek,A,A
7ned,A,A
4r2j,A,A
2a9u,A,B
3ntn,A,A
3pr7,A,A
3me1,A,B
5ica,A,D
5ic9,A,B
6l3q,A,B
2j6v,A,B
1qoj,A,B
2nrx,A,B
4zwq,A,B
1j5s,A,B
6ilb,A,D
1tz9,A,B
5voz,O,H
3j9t,L,P
3v6i,B,X
6qum,K,N
5gar,I,N
1ho8,A,A
4r0l,A,C
7p14,B,A
4nnp,H,A
6nyf,A,B
3vop,A,B
4mph,A,B
5yqj,A,C
6bp8,A,A
2zuo,A,A
2zv4,N,N
3imo,A,C
3cqr,A,B
3fb9,A,B
2m59,A,B
4n6q,A,A
4owr,C,A
3jbr,F,F
4ln0,C,A
3a2a,A,B
5z2q,C,B
2zf3,A,B
6tfj,A,B
2w45,A,B
1urj,A,B
1anv,A,A
5xor,A,B
2w8m,A,B
4nhf,A,B
3btp,B,A
5xta,A,C
6fpy,A,A
6iu5,A,B
2i6e,A,B
1lsh,A,A
6z0v,A,C
1vmo,A,B
4ldb,A,B
2gj2,A,D
2j9u,A,B
6ze9,A,C
2z8m,A,B
4qbl,B,F
3g3q,A,B
4fx5,A,A
5nb8,A,B
2ful,C,E
3zik,A,B
4k6j,A,B
4u1e,I,G
6g6n,A,B
6chj,A,A
4dqy,C,A
5ujj,A,A
1l3a,A,B
2ed6,A,B
6pfl,A,B
1wa8,A,B
3zrg,A,B
5hno,A,B
5i6c,A,B
3on5,A,B
2we7,A,A
2c1w,A,B
6lxv,A,B
7c8h,A,A
7c8i,A,A
5koe,A,C
2okf,A,B
2nlv,A,B
4pz3,A,B
1mg7,A,A
6j44,A,A
6gw6,E,F
5fir,A,A
5fru,A,B
6fi8,A,B
5dol,A,B
2ks0,A,B
2gr7,A,B
2yo1,A,C
2g3w,A,B
1pug,A,B
4qdy,A,A
1xm5,A,C
5fr7,A,B
1vr4,A,B
4q85,E,H
4q84,A,A
2r1f,A,B
5ixg,A,B
5m2u,A,B
4lbi,A,B
3bd1,A,B
3c4r,A,B
1kcf,A,B
2jna,A,B
1wd6,A,B
2e67,A,B
5vna,A,B
3erm,A,B
5xq3,A,B
5tka,A,A
4lr3,A,B
6a09,A,D
4jix,A,B
2ozz,A,B
1t82,A,B
2in5,A,B
3h9x,A,C
2otm,A,B
1s7h,A,A
4dci,A,B
1t70,A,B
2oxl,A,B
2lrm,A,B
3kvp,A,D
2h4o,A,B
3gqs,A,B
2dlb,A,B
2i2l,A,B
2o6k,A,B
1pm4,A,B
2dsm,A,B
4wuz,A,B
4hfs,A,B
6scn,a,b
6uie,A,B
5wec,A,B
4r3h,A,A
2r5x,A,B
6z0f,A,B
2gsv,A,B
4qxz,A,B
2o3o,A,B
4r0s,A,B
2oz5,A,B
4wcg,A,B
4p1m,A,B
2jee,A,B
5fo3,A,B
5imj,A,B
1wjv,A,A
6fp5,A,B
5k5l,E,E
1mey,G,C
5kkq,A,A
2ej4,A,A
2wbt,A,B
5dka,A,A
6yxe,A,B
1ovx,A,B
2cqe,A,A
3d2q,D,A
5ikf,A,A
2xoc,A,A
4oo7,A,B
4nzg,A,B
3rms,A,B
1ipp,A,B
5mq4,A,D
5tdc,A,C
2ejq,A,B
3cmn,A,A
5xm5,A,B
1f46,A,B
2pma,A,B
2r2a,A,B
3if8,A,B
